Workbook

Sheet 종합

Sheet 기본-타자
A1: RK | B1: Player | C1: Pos | D1: Team | E1: Year | F1: WAR | G1: wRC+ | H1: off | I1: def | J1: G | K1: PA | L1: AB | M1: R | N1: H | O1: 2B | P1: 3B | Q1: HR | R1: RBI | S1: SB | T1: CS | U1: BB | V1: HBP | W1: IB | X1: SO | Y1: GDP | Z1: SF | AA1: BA | AB1: OBP | AC1: SLG | AD1: OPS | AE1: wOBA | AF1: PosAdj | AG1: pos | AH1: PF | AI1: whiff% | AJ1: chase% | AK1: WPA | AL1: RE24 | AM1: REW | AN1: RC27 | AO1: OAA | AP1: PA | AQ1: 국적
A2: 1 | B2: 오스틴 | C2: ='연도별 상수'!AE$3 -> 1B | D2: LG | E2: ='연도별 상수'!$A$46 -> 2026 | F2: =ROUND(((H2)+(I2)+(AG2*K2/600)+(20*K2/600))/'연도별 상수'!$U$46,2) -> 4.49 | G2: =ROUND(100*(((((AE2-'리그 타자'!$B$46)/'연도별 상수'!$T$46)+'연도별 상수'!$W$46))+('연도별 상수'!$W$46*(1-AH2)))/'연도별 상수'!$W$46,1) -> 189.2 | H2: =ROUND((((AE2-'리그 타자'!$B$46)/'연도별 상수'!$T$46)*K2/AH2)+(S2*'연도별 상수'!$AB$46-T2*'연도별 상수'!$AC$46)-((S2+T2)*('연도별 상수'!$AD$46*0.2-(1-'연도별 상수'!$AD$46)*0.4))+0.05*(S2+O2+P2),1) -> 43.9 | I2: =ROUND((0.75*AO2)+(AF2*(J2/144)),1) -> -3 | J2: 85 | K2: 378 | L2: 327 | M2: 69 | N2: 111 | O2: 18 | P2: 3 | Q2: 27 | R2: 83 | S2: 2 | T2: 1 | U2: 42 | V2: 6 | W2: 4 | X2: 58 | Y2: 6 | Z2: 3 | AA2: =ROUND(N2/L2,3) -> 0.339 | AB2: =ROUND((N2+U2+V2)/(L2+U2+V2+Z2),3) -> 0.421 | AC2: =ROUND(((N2-O2-P2-Q2)+2*O2+3*P2+4*Q2)/L2,3) -> 0.661 | AD2: =ROUND(AB2+AC2,3) -> 1.082 | AE2: =ROUND((('연도별 상수'!$N$46*(U2-W2))+('연도별 상수'!$O$46*V2)+('연도별 상수'!$P$46*(N2-O2-P2-Q2))+('연도별 상수'!$Q$46*O2)+('연도별 상수'!$R$46*P2)+('연도별 상수'!$S$46*Q2))/(L2+U2+V2-W2+Z2),3) -> 0.469 | AF2: ='연도별 상수'!AG$3 -> -10.22 | AG2: ='연도별 상수'!AH$3 -> -8 | AH2: ='연도별 상수'!$B$46 -> 0.871842 | AI2: 0 | AJ2: 0 | AK2: 0 | AL2: 0 | AM2: 0 | AN2: 0 | AO2: 4 | AP2: =K2 -> 378 | AQ2: 1
A3: 2 | B3: 김주원 | C3: ='연도별 상수'!AE$6 -> SS | D3: NC | E3: ='연도별 상수'!$A$46 -> 2026 | F3: =ROUND(((H3)+(I3)+(AG3*K3/600)+(20*K3/600))/'연도별 상수'!$U$46,2) -> 3.77 | G3: =ROUND(100*(((((AE3-'리그 타자'!$B$46)/'연도별 상수'!$T$46)+'연도별 상수'!$W$46))+('연도별 상수'!$W$46*(1-AH3)))/'연도별 상수'!$W$46,1) -> 129.7 | H3: =ROUND((((AE3-'리그 타자'!$B$46)/'연도별 상수'!$T$46)*K3/AH3)+(S3*'연도별 상수'!$AB$46-T3*'연도별 상수'!$AC$46)-((S3+T3)*('연도별 상수'!$AD$46*0.2-(1-'연도별 상수'!$AD$46)*0.4))+0.05*(S3+O3+P3),1) -> 16 | I3: =ROUND((0.75*AO3)+(AF3*(J3/144)),1) -> 8.3 | J3: 81 | K3: 366 | L3: 320 | M3: 55 | N3: 98 | O3: 15 | P3: 0 | Q3: 13 | R3: 40 | S3: 20 | T3: 4 | U3: 29 | V3: 13 | W3: 2 | X3: 49 | Y3: 1 | Z3: 3 | AA3: =ROUND(N3/L3,3) -> 0.306 | AB3: =ROUND((N3+U3+V3)/(L3+U3+V3+Z3),3) -> 0.384 | AC3: =ROUND(((N3-O3-P3-Q3)+2*O3+3*P3+4*Q3)/L3,3) -> 0.475 | AD3: =ROUND(AB3+AC3,3) -> 0.859 | AE3: =ROUND((('연도별 상수'!$N$46*(U3-W3))+('연도별 상수'!$O$46*V3)+('연도별 상수'!$P$46*(N3-O3-P3-Q3))+('연도별 상수'!$Q$46*O3)+('연도별 상수'!$R$46*P3)+('연도별 상수'!$S$46*Q3))/(L3+U3+V3-W3+Z3),3) -> 0.389 | AF3: ='연도별 상수'!AG$6 -> 2.77 | AG3: ='연도별 상수'!AH$6 -> 7 | AH3: ='연도별 상수'!$J$46 -> 0.968492 | AI3: 0 | AJ3: 0 | AK3: 0 | AL3: 0 | AM3: 0 | AN3: 0 | AO3: 9 | AP3: =K3 -> 366 | AQ3: 0
A4: 3 | B4: 김도영 | C4: ='연도별 상수'!AE$5 -> 3B | D4: KIA | E4: ='연도별 상수'!$A$46 -> 2026 | F4: =ROUND(((H4)+(I4)+(AG4*K4/600)+(20*K4/600))/'연도별 상수'!$U$46,2) -> 3.77 | G4: =ROUND(100*(((((AE4-'리그 타자'!$B$46)/'연도별 상수'!$T$46)+'연도별 상수'!$W$46))+('연도별 상수'!$W$46*(1-AH4)))/'연도별 상수'!$W$46,1) -> 163.9 | H4: =ROUND((((AE4-'리그 타자'!$B$46)/'연도별 상수'!$T$46)*K4/AH4)+(S4*'연도별 상수'!$AB$46-T4*'연도별 상수'!$AC$46)-((S4+T4)*('연도별 상수'!$AD$46*0.2-(1-'연도별 상수'!$AD$46)*0.4))+0.05*(S4+O4+P4),1) -> 31.1 | I4: =ROUND((0.75*AO4)+(AF4*(J4/144)),1) -> -2.1 | J4: 86 | K4: 371 | L4: 315 | M4: 69 | N4: 94 | O4: 17 | P4: 1 | Q4: 27 | R4: 74 | S4: 5 | T4: 0 | U4: 47 | V4: 5 | W4: 7 | X4: 61 | Y4: 7 | Z4: 4 | AA4: =ROUND(N4/L4,3) -> 0.298 | AB4: =ROUND((N4+U4+V4)/(L4+U4+V4+Z4),3) -> 0.394 | AC4: =ROUND(((N4-O4-P4-Q4)+2*O4+3*P4+4*Q4)/L4,3) -> 0.616 | AD4: =ROUND(AB4+AC4,3) -> 1.01 | AE4: =ROUND((('연도별 상수'!$N$46*(U4-W4))+('연도별 상수'!$O$46*V4)+('연도별 상수'!$P$46*(N4-O4-P4-Q4))+('연도별 상수'!$Q$46*O4)+('연도별 상수'!$R$46*P4)+('연도별 상수'!$S$46*Q4))/(L4+U4+V4-W4+Z4),3) -> 0.436 | AF4: ='연도별 상수'!AG$5 -> 0.22 | AG4: ='연도별 상수'!AH$5 -> -1 | AH4: ='연도별 상수'!$G$46 -> 0.919389 | AI4: 0 | AJ4: 0 | AK4: 0 | AL4: 0 | AM4: 0 | AN4: 0 | AO4: -3 | AP4: =K4 -> 371 | AQ4: 0
A5: 4 | B5: 박민우 | C5: ='연도별 상수'!AE$4 -> 2B | D5: NC | E5: ='연도별 상수'!$A$46 -> 2026 | F5: =ROUND(((H5)+(I5)+(AG5*K5/600)+(20*K5/600))/'연도별 상수'!$U$46,2) -> 3.18 | G5: =ROUND(100*(((((AE5-'리그 타자'!$B$46)/'연도별 상수'!$T$46)+'연도별 상수'!$W$46))+('연도별 상수'!$W$46*(1-AH5)))/'연도별 상수'!$W$46,1) -> 144.7 | H5: =ROUND((((AE5-'리그 타자'!$B$46)/'연도별 상수'!$T$46)*K5/AH5)+(S5*'연도별 상수'!$AB$46-T5*'연도별 상수'!$AC$46)-((S5+T5)*('연도별 상수'!$AD$46*0.2-(1-'연도별 상수'!$AD$46)*0.4))+0.05*(S5+O5+P5),1) -> 20.3 | I5: =ROUND((0.75*AO5)+(AF5*(J5/144)),1) -> 1.4 | J5: 78 | K5: 329 | L5: 273 | M5: 48 | N5: 92 | O5: 18 | P5: 0 | Q5: 5 | R5: 48 | S5: 26 | T5: 9 | U5: 46 | V5: 6 | W5: 2 | X5: 37 | Y5: 7 | Z5: 3 | AA5: =ROUND(N5/L5,3) -> 0.337 | AB5: =ROUND((N5+U5+V5)/(L5+U5+V5+Z5),3) -> 0.439 | AC5: =ROUND(((N5-O5-P5-Q5)+2*O5+3*P5+4*Q5)/L5,3) -> 0.458 | AD5: =ROUND(AB5+AC5,3) -> 0.897 | AE5: =ROUND((('연도별 상수'!$N$46*(U5-W5))+('연도별 상수'!$O$46*V5)+('연도별 상수'!$P$46*(N5-O5-P5-Q5))+('연도별 상수'!$Q$46*O5)+('연도별 상수'!$R$46*P5)+('연도별 상수'!$S$46*Q5))/(L5+U5+V5-W5+Z5),3) -> 0.413 | AF5: ='연도별 상수'!AG$4 -> 1.22 | AG5: ='연도별 상수'!AH$4 -> 3 | AH5: ='연도별 상수'!$J$46 -> 0.968492 | AI5: 0 | AJ5: 0 | AK5: 0 | AL5: 0 | AM5: 0 | AN5: 0 | AO5: 1 | AP5: =K5 -> 329 | AQ5: 0
A6: 5 | B6: 박성한 | C6: ='연도별 상수'!AE$6 -> SS | D6: SSG | E6: ='연도별 상수'!$A$46 -> 2026 | F6: =ROUND(((H6)+(I6)+(AG6*K6/600)+(20*K6/600))/'연도별 상수'!$U$46,2) -> 3.09 | G6: =ROUND(100*(((((AE6-'리그 타자'!$B$46)/'연도별 상수'!$T$46)+'연도별 상수'!$W$46))+('연도별 상수'!$W$46*(1-AH6)))/'연도별 상수'!$W$46,1) -> 140.9 | H6: =ROUND((((AE6-'리그 타자'!$B$46)/'연도별 상수'!$T$46)*K6/AH6)+(S6*'연도별 상수'!$AB$46-T6*'연도별 상수'!$AC$46)-((S6+T6)*('연도별 상수'!$AD$46*0.2-(1-'연도별 상수'!$AD$46)*0.4))+0.05*(S6+O6+P6),1) -> 19.3 | I6: =ROUND((0.75*AO6)+(AF6*(J6/144)),1) -> -2.8 | J6: 86 | K6: 374 | L6: 315 | M6: 57 | N6: 105 | O6: 20 | P6: 1 | Q6: 3 | R6: 39 | S6: 5 | T6: 2 | U6: 56 | V6: 1 | W6: 1 | X6: 45 | Y6: 2 | Z6: 2 | AA6: =ROUND(N6/L6,3) -> 0.333 | AB6: =ROUND((N6+U6+V6)/(L6+U6+V6+Z6),3) -> 0.433 | AC6: =ROUND(((N6-O6-P6-Q6)+2*O6+3*P6+4*Q6)/L6,3) -> 0.432 | AD6: =ROUND(AB6+AC6,3) -> 0.865 | AE6: =ROUND((('연도별 상수'!$N$46*(U6-W6))+('연도별 상수'!$O$46*V6)+('연도별 상수'!$P$46*(N6-O6-P6-Q6))+('연도별 상수'!$Q$46*O6)+('연도별 상수'!$R$46*P6)+('연도별 상수'!$S$46*Q6))/(L6+U6+V6-W6+Z6),3) -> 0.403 | AF6: ='연도별 상수'!AG$6 -> 2.77 | AG6: ='연도별 상수'!AH$6 -> 7 | AH6: ='연도별 상수'!$D$46 -> 0.943387 | AI6: 0 | AJ6: 0 | AK6: 0 | AL6: 0 | AM6: 0 | AN6: 0 | AO6: -6 | AP6: =K6 -> 374 | AQ6: 0
A7: 6 | B7: 한준수 | C7: ='연도별 상수'!AE$2 -> C | D7: KIA | E7: ='연도별 상수'!$A$46 -> 2026 | F7: =ROUND(((H7)+(I7)+(AG7*K7/600)+(20*K7/600))/'연도별 상수'!$U$46,2) -> 2.93 | G7: =ROUND(100*(((((AE7-'리그 타자'!$B$46)/'연도별 상수'!$T$46)+'연도별 상수'!$W$46))+('연도별 상수'!$W$46*(1-AH7)))/'연도별 상수'!$W$46,1) -> 153.9 | H7: =ROUND((((AE7-'리그 타자'!$B$46)/'연도별 상수'!$T$46)*K7/AH7)+(S7*'연도별 상수'!$AB$46-T7*'연도별 상수'!$AC$46)-((S7+T7)*('연도별 상수'!$AD$46*0.2-(1-'연도별 상수'!$AD$46)*0.4))+0.05*(S7+O7+P7),1) -> 17 | I7: =ROUND((0.75*AO7)+(AF7*(J7/144)),1) -> 1.9 | J7: 74 | K7: 256 | L7: 208 | M7: 29 | N7: 67 | O7: 17 | P7: 0 | Q7: 6 | R7: 26 | S7: 0 | T7: 1 | U7: 36 | V7: 6 | W7: 2 | X7: 37 | Y7: 7 | Z7: 2 | AA7: =ROUND(N7/L7,3) -> 0.322 | AB7: =ROUND((N7+U7+V7)/(L7+U7+V7+Z7),3) -> 0.433 | AC7: =ROUND(((N7-O7-P7-Q7)+2*O7+3*P7+4*Q7)/L7,3) -> 0.49 | AD7: =ROUND(AB7+AC7,3) -> 0.923 | AE7: =ROUND((('연도별 상수'!$N$46*(U7-W7))+('연도별 상수'!$O$46*V7)+('연도별 상수'!$P$46*(N7-O7-P7-Q7))+('연도별 상수'!$Q$46*O7)+('연도별 상수'!$R$46*P7)+('연도별 상수'!$S$46*Q7))/(L7+U7+V7-W7+Z7),3) -> 0.42 | AF7: ='연도별 상수'!AG$2 -> 5.22 | AG7: ='연도별 상수'!AH$2 -> 10 | AH7: ='연도별 상수'!$G$46 -> 0.919389 | AI7: 0 | AJ7: 0 | AK7: 0 | AL7: 0 | AM7: 0 | AN7: 0 | AO7: -1 | AP7: =K7 -> 256 | AQ7: 0
A8: 7 | B8: 최정 | C8: ='연도별 상수'!AE$5 -> 3B | D8: SSG | E8: ='연도별 상수'!$A$46 -> 2026 | F8: =ROUND(((H8)+(I8)+(AG8*K8/600)+(20*K8/600))/'연도별 상수'!$U$46,2) -> 2.89 | G8: =ROUND(100*(((((AE8-'리그 타자'!$B$46)/'연도별 상수'!$T$46)+'연도별 상수'!$W$46))+('연도별 상수'!$W$46*(1-AH8)))/'연도별 상수'!$W$46,1) -> 160.9 | H8: =ROUND((((AE8-'리그 타자'!$B$46)/'연도별 상수'!$T$46)*K8/AH8)+(S8*'연도별 상수'!$AB$46-T8*'연도별 상수'!$AC$46)-((S8+T8)*('연도별 상수'!$AD$46*0.2-(1-'연도별 상수'!$AD$46)*0.4))+0.05*(S8+O8+P8),1) -> 23.8 | I8: =ROUND((0.75*AO8)+(AF8*(J8/144)),1) -> -2.1 | J8: 70 | K8: 300 | L8: 251 | M8: 44 | N8: 77 | O8: 17 | P8: 1 | Q8: 19 | R8: 54 | S8: 3 | T8: 1 | U8: 37 | V8: 6 | W8: 5 | X8: 66 | Y8: 7 | Z8: 6 | AA8: =ROUND(N8/L8,3) -> 0.307 | AB8: =ROUND((N8+U8+V8)/(L8+U8+V8+Z8),3) -> 0.4 | AC8: =ROUND(((N8-O8-P8-Q8)+2*O8+3*P8+4*Q8)/L8,3) -> 0.61 | AD8: =ROUND(AB8+AC8,3) -> 1.01 | AE8: =ROUND((('연도별 상수'!$N$46*(U8-W8))+('연도별 상수'!$O$46*V8)+('연도별 상수'!$P$46*(N8-O8-P8-Q8))+('연도별 상수'!$Q$46*O8)+('연도별 상수'!$R$46*P8)+('연도별 상수'!$S$46*Q8))/(L8+U8+V8-W8+Z8),3) -> 0.435 | AF8: ='연도별 상수'!AG$5 -> 0.22 | AG8: ='연도별 상수'!AH$5 -> -1 | AH8: ='연도별 상수'!$D$46 -> 0.943387 | AI8: 0 | AJ8: 0 | AK8: 0 | AL8: 0 | AM8: 0 | AN8: 0 | AO8: -3 | AP8: =K8 -> 300 | AQ8: 0
A9: 8 | B9: 박찬호 | C9: ='연도별 상수'!AE$6 -> SS | D9: DOO | E9: ='연도별 상수'!$A$46 -> 2026 | F9: =ROUND(((H9)+(I9)+(AG9*K9/600)+(20*K9/600))/'연도별 상수'!$U$46,2) -> 2.64 | G9: =ROUND(100*(((((AE9-'리그 타자'!$B$46)/'연도별 상수'!$T$46)+'연도별 상수'!$W$46))+('연도별 상수'!$W$46*(1-AH9)))/'연도별 상수'!$W$46,1) -> 110.7 | H9: =ROUND((((AE9-'리그 타자'!$B$46)/'연도별 상수'!$T$46)*K9/AH9)+(S9*'연도별 상수'!$AB$46-T9*'연도별 상수'!$AC$46)-((S9+T9)*('연도별 상수'!$AD$46*0.2-(1-'연도별 상수'!$AD$46)*0.4))+0.05*(S9+O9+P9),1) -> 2.1 | I9: =ROUND((0.75*AO9)+(AF9*(J9/144)),1) -> 9.9 | J9: 87 | K9: 368 | L9: 320 | M9: 56 | N9: 90 | O9: 18 | P9: 2 | Q9: 4 | R9: 33 | S9: 20 | T9: 4 | U9: 36 | V9: 2 | W9: 1 | X9: 50 | Y9: 6 | Z9: 3 | AA9: =ROUND(N9/L9,3) -> 0.281 | AB9: =ROUND((N9+U9+V9)/(L9+U9+V9+Z9),3) -> 0.355 | AC9: =ROUND(((N9-O9-P9-Q9)+2*O9+3*P9+4*Q9)/L9,3) -> 0.388 | AD9: =ROUND(AB9+AC9,3) -> 0.743 | AE9: =ROUND((('연도별 상수'!$N$46*(U9-W9))+('연도별 상수'!$O$46*V9)+('연도별 상수'!$P$46*(N9-O9-P9-Q9))+('연도별 상수'!$Q$46*O9)+('연도별 상수'!$R$46*P9)+('연도별 상수'!$S$46*Q9))/(L9+U9+V9-W9+Z9),3) -> 0.343 | AF9: ='연도별 상수'!AG$6 -> 2.77 | AG9: ='연도별 상수'!AH$6 -> 7 | AH9: ='연도별 상수'!$B$46 -> 0.871842 | AI9: 0 | AJ9: 0 | AK9: 0 | AL9: 0 | AM9: 0 | AN9: 0 | AO9: 11 | AP9: =K9 -> 368 | AQ9: 0
A10: 9 | B10: 최원준 | C10: ='연도별 상수'!AE$9 -> RF | D10: KT | E10: ='연도별 상수'!$A$46 -> 2026 | F10: =ROUND(((H10)+(I10)+(AG10*K10/600)+(20*K10/600))/'연도별 상수'!$U$46,2) -> 2.37 | G10: =ROUND(100*(((((AE10-'리그 타자'!$B$46)/'연도별 상수'!$T$46)+'연도별 상수'!$W$46))+('연도별 상수'!$W$46*(1-AH10)))/'연도별 상수'!$W$46,1) -> 146.4 | H10: =ROUND((((AE10-'리그 타자'!$B$46)/'연도별 상수'!$T$46)*K10/AH10)+(S10*'연도별 상수'!$AB$46-T10*'연도별 상수'!$AC$46)-((S10+T10)*('연도별 상수'!$AD$46*0.2-(1-'연도별 상수'!$AD$46)*0.4))+0.05*(S10+O10+P10),1) -> 24.9 | I10: =ROUND((0.75*AO10)+(AF10*(J10/144)),1) -> -8.6 | J10: 79 | K10: 373 | L10: 320 | M10: 68 | N10: 116 | O10: 20 | P10: 3 | Q10: 7 | R10: 44 | S10: 16 | T10: 8 | U10: 41 | V10: 6 | W10: 0 | X10: 54 | Y10: 2 | Z10: 3 | AA10: =ROUND(N10/L10,3) -> 0.363 | AB10: =ROUND((N10+U10+V10)/(L10+U10+V10+Z10),3) -> 0.441 | AC10: =ROUND(((N10-O10-P10-Q10)+2*O10+3*P10+4*Q10)/L10,3) -> 0.509 | AD10: =ROUND(AB10+AC10,3) -> 0.95 | AE10: =ROUND((('연도별 상수'!$N$46*(U10-W10))+('연도별 상수'!$O$46*V10)+('연도별 상수'!$P$46*(N10-O10-P10-Q10))+('연도별 상수'!$Q$46*O10)+('연도별 상수'!$R$46*P10)+('연도별 상수'!$S$46*Q10))/(L10+U10+V10-W10+Z10),3) -> 0.432 | AF10: ='연도별 상수'!AG$9 -> -4.77 | AG10: ='연도별 상수'!AH$9 -> -5 | AH10: ='연도별 상수'!$E$46 -> 1.069855 | AI10: 0 | AJ10: 0 | AK10: 0 | AL10: 0 | AM10: 0 | AN10: 0 | AO10: -8 | AP10: =K10 -> 373 | AQ10: 0
A11: 10 | B11: 박해민 | C11: ='연도별 상수'!AE$8 -> CF | D11: LG | E11: ='연도별 상수'!$A$46 -> 2026 | F11: =ROUND(((H11)+(I11)+(AG11*K11/600)+(20*K11/600))/'연도별 상수'!$U$46,2) -> 2.42 | G11: =ROUND(100*(((((AE11-'리그 타자'!$B$46)/'연도별 상수'!$T$46)+'연도별 상수'!$W$46))+('연도별 상수'!$W$46*(1-AH11)))/'연도별 상수'!$W$46,1) -> 108.9 | H11: =ROUND((((AE11-'리그 타자'!$B$46)/'연도별 상수'!$T$46)*K11/AH11)+(S11*'연도별 상수'!$AB$46-T11*'연도별 상수'!$AC$46)-((S11+T11)*('연도별 상수'!$AD$46*0.2-(1-'연도별 상수'!$AD$46)*0.4))+0.05*(S11+O11+P11),1) -> 0.7 | I11: =ROUND((0.75*AO11)+(AF11*(J11/144)),1) -> 12.6 | J11: 85 | K11: 336 | L11: 282 | M11: 50 | N11: 82 | O11: 12 | P11: 0 | Q11: 3 | R11: 35 | S11: 24 | T11: 6 | U11: 27 | V11: 8 | W11: 0 | X11: 44 | Y11: 3 | Z11: 6 | AA11: =ROUND(N11/L11,3) -> 0.291 | AB11: =ROUND((N11+U11+V11)/(L11+U11+V11+Z11),3) -> 0.362 | AC11: =ROUND(((N11-O11-P11-Q11)+2*O11+3*P11+4*Q11)/L11,3) -> 0.365 | AD11: =ROUND(AB11+AC11,3) -> 0.727 | AE11: =ROUND((('연도별 상수'!$N$46*(U11-W11))+('연도별 상수'!$O$46*V11)+('연도별 상수'!$P$46*(N11-O11-P11-Q11))+('연도별 상수'!$Q$46*O11)+('연도별 상수'!$R$46*P11)+('연도별 상수'!$S$46*Q11))/(L11+U11+V11-W11+Z11),3) -> 0.34 | AF11: ='연도별 상수'!AG$8 -> 2.22 | AG11: ='연도별 상수'!AH$8 -> 3 | AH11: ='연도별 상수'!$B$46 -> 0.871842 | AI11: 0 | AJ11: 0 | AK11: 0 | AL11: 0 | AM11: 0 | AN11: 0 | AO11: 15 | AP11: =K11 -> 336 | AQ11: 0
A12: 11 | B12: 김지찬 | C12: ='연도별 상수'!AE$8 -> CF | D12: SAM | E12: ='연도별 상수'!$A$46 -> 2026 | F12: =ROUND(((H12)+(I12)+(AG12*K12/600)+(20*K12/600))/'연도별 상수'!$U$46,2) -> 2.43 | G12: =ROUND(100*(((((AE12-'리그 타자'!$B$46)/'연도별 상수'!$T$46)+'연도별 상수'!$W$46))+('연도별 상수'!$W$46*(1-AH12)))/'연도별 상수'!$W$46,1) -> 104.2 | H12: =ROUND((((AE12-'리그 타자'!$B$46)/'연도별 상수'!$T$46)*K12/AH12)+(S12*'연도별 상수'!$AB$46-T12*'연도별 상수'!$AC$46)-((S12+T12)*('연도별 상수'!$AD$46*0.2-(1-'연도별 상수'!$AD$46)*0.4))+0.05*(S12+O12+P12),1) -> 5.9 | I12: =ROUND((0.75*AO12)+(AF12*(J12/144)),1) -> 8 | J12: 83 | K12: 321 | L12: 266 | M12: 64 | N12: 83 | O12: 6 | P12: 2 | Q12: 0 | R12: 26 | S12: 15 | T12: 3 | U12: 42 | V12: 3 | W12: 1 | X12: 22 | Y12: 2 | Z12: 2 | AA12: =ROUND(N12/L12,3) -> 0.312 | AB12: =ROUND((N12+U12+V12)/(L12+U12+V12+Z12),3) -> 0.409 | AC12: =ROUND(((N12-O12-P12-Q12)+2*O12+3*P12+4*Q12)/L12,3) -> 0.35 | AD12: =ROUND(AB12+AC12,3) -> 0.759 | AE12: =ROUND((('연도별 상수'!$N$46*(U12-W12))+('연도별 상수'!$O$46*V12)+('연도별 상수'!$P$46*(N12-O12-P12-Q12))+('연도별 상수'!$Q$46*O12)+('연도별 상수'!$R$46*P12)+('연도별 상수'!$S$46*Q12))/(L12+U12+V12-W12+Z12),3) -> 0.362 | AF12: ='연도별 상수'!AG$8 -> 2.22 | AG12: ='연도별 상수'!AH$8 -> 3 | AH12: ='연도별 상수'!$H$46 -> 1.055356 | AI12: 0 | AJ12: 0 | AK12: 0 | AL12: 0 | AM12: 0 | AN12: 0 | AO12: 9 | AP12: =K12 -> 321 | AQ12: 0
A13: 12 | B13: 힐리어드 | C13: ='연도별 상수'!AE$8 -> CF | D13: KT | E13: ='연도별 상수'!$A$46 -> 2026 | F13: =ROUND(((H13)+(I13)+(AG13*K13/600)+(20*K13/600))/'연도별 상수'!$U$46,2) -> 2.21 | G13: =ROUND(100*(((((AE13-'리그 타자'!$B$46)/'연도별 상수'!$T$46)+'연도별 상수'!$W$46))+('연도별 상수'!$W$46*(1-AH13)))/'연도별 상수'!$W$46,1) -> 123.3 | H13: =ROUND((((AE13-'리그 타자'!$B$46)/'연도별 상수'!$T$46)*K13/AH13)+(S13*'연도별 상수'!$AB$46-T13*'연도별 상수'!$AC$46)-((S13+T13)*('연도별 상수'!$AD$46*0.2-(1-'연도별 상수'!$AD$46)*0.4))+0.05*(S13+O13+P13),1) -> 14.8 | I13: =ROUND((0.75*AO13)+(AF13*(J13/144)),1) -> -1.9 | J13: 83 | K13: 366 | L13: 326 | M13: 60 | N13: 95 | O13: 14 | P13: 3 | Q13: 20 | R13: 70 | S13: 7 | T13: 2 | U13: 36 | V13: 0 | W13: 1 | X13: 99 | Y13: 3 | Z13: 4 | AA13: =ROUND(N13/L13,3) -> 0.291 | AB13: =ROUND((N13+U13+V13)/(L13+U13+V13+Z13),3) -> 0.358 | AC13: =ROUND(((N13-O13-P13-Q13)+2*O13+3*P13+4*Q13)/L13,3) -> 0.537 | AD13: =ROUND(AB13+AC13,3) -> 0.895 | AE13: =ROUND((('연도별 상수'!$N$46*(U13-W13))+('연도별 상수'!$O$46*V13)+('연도별 상수'!$P$46*(N13-O13-P13-Q13))+('연도별 상수'!$Q$46*O13)+('연도별 상수'!$R$46*P13)+('연도별 상수'!$S$46*Q13))/(L13+U13+V13-W13+Z13),3) -> 0.395 | AF13: ='연도별 상수'!AG$8+'연도별 상수'!AG$7 -> -3.28 | AG13: ='연도별 상수'!AH$8+'연도별 상수'!AH$7 -> -2 | AH13: ='연도별 상수'!$E$46 -> 1.069855 | AI13: 0 | AJ13: 0 | AK13: 0 | AL13: 0 | AM13: 0 | AN13: 0 | AO13: 0 | AP13: =K13 -> 366 | AQ13: 1
A14: 13 | B14: 페라자 | C14: ='연도별 상수'!AE$9 -> RF | D14: HAN | E14: ='연도별 상수'!$A$46 -> 2026 | F14: =ROUND(((H14)+(I14)+(AG14*K14/600)+(20*K14/600))/'연도별 상수'!$U$46,2) -> 2 | G14: =ROUND(100*(((((AE14-'리그 타자'!$B$46)/'연도별 상수'!$T$46)+'연도별 상수'!$W$46))+('연도별 상수'!$W$46*(1-AH14)))/'연도별 상수'!$W$46,1) -> 135 | H14: =ROUND((((AE14-'리그 타자'!$B$46)/'연도별 상수'!$T$46)*K14/AH14)+(S14*'연도별 상수'!$AB$46-T14*'연도별 상수'!$AC$46)-((S14+T14)*('연도별 상수'!$AD$46*0.2-(1-'연도별 상수'!$AD$46)*0.4))+0.05*(S14+O14+P14),1) -> 22.6 | I14: =ROUND((0.75*AO14)+(AF14*(J14/144)),1) -> -10.2 | J14: 82 | K14: 368 | L14: 306 | M14: 69 | N14: 96 | O14: 22 | P14: 1 | Q14: 17 | R14: 53 | S14: 8 | T14: 3 | U14: 53 | V14: 3 | W14: 4 | X14: 71 | Y14: 6 | Z14: 4 | AA14: =ROUND(N14/L14,3) -> 0.314 | AB14: =ROUND((N14+U14+V14)/(L14+U14+V14+Z14),3) -> 0.415 | AC14: =ROUND(((N14-O14-P14-Q14)+2*O14+3*P14+4*Q14)/L14,3) -> 0.559 | AD14: =ROUND(AB14+AC14,3) -> 0.974 | AE14: =ROUND((('연도별 상수'!$N$46*(U14-W14))+('연도별 상수'!$O$46*V14)+('연도별 상수'!$P$46*(N14-O14-P14-Q14))+('연도별 상수'!$Q$46*O14)+('연도별 상수'!$R$46*P14)+('연도별 상수'!$S$46*Q14))/(L14+U14+V14-W14+Z14),3) -> 0.43 | AF14: ='연도별 상수'!AG$9 -> -4.77 | AG14: ='연도별 상수'!AH$9 -> -5 | AH14: ='연도별 상수'!$F$46 -> 1.170772 | AI14: 0 | AJ14: 0 | AK14: 0 | AL14: 0 | AM14: 0 | AN14: 0 | AO14: -10 | AP14: =K14 -> 368 | AQ14: 1
A15: 14 | B15: 노시환 | C15: ='연도별 상수'!AE$5 -> 3B | D15: HAN | E15: ='연도별 상수'!$A$46 -> 2026 | F15: =ROUND(((H15)+(I15)+(AG15*K15/600)+(20*K15/600))/'연도별 상수'!$U$46,2) -> 2.09 | G15: =ROUND(100*(((((AE15-'리그 타자'!$B$46)/'연도별 상수'!$T$46)+'연도별 상수'!$W$46))+('연도별 상수'!$W$46*(1-AH15)))/'연도별 상수'!$W$46,1) -> 99.5 | H15: =ROUND((((AE15-'리그 타자'!$B$46)/'연도별 상수'!$T$46)*K15/AH15)+(S15*'연도별 상수'!$AB$46-T15*'연도별 상수'!$AC$46)-((S15+T15)*('연도별 상수'!$AD$46*0.2-(1-'연도별 상수'!$AD$46)*0.4))+0.05*(S15+O15+P15),1) -> 6.4 | I15: =ROUND((0.75*AO15)+(AF15*(J15/144)),1) -> 5.4 | J15: 75 | K15: 340 | L15: 297 | M15: 59 | N15: 78 | O15: 13 | P15: 1 | Q15: 17 | R15: 56 | S15: 2 | T15: 2 | U15: 32 | V15: 7 | W15: 0 | X15: 93 | Y15: 8 | Z15: 3 | AA15: =ROUND(N15/L15,3) -> 0.263 | AB15: =ROUND((N15+U15+V15)/(L15+U15+V15+Z15),3) -> 0.345 | AC15: =ROUND(((N15-O15-P15-Q15)+2*O15+3*P15+4*Q15)/L15,3) -> 0.485 | AD15: =ROUND(AB15+AC15,3) -> 0.83 | AE15: =ROUND((('연도별 상수'!$N$46*(U15-W15))+('연도별 상수'!$O$46*V15)+('연도별 상수'!$P$46*(N15-O15-P15-Q15))+('연도별 상수'!$Q$46*O15)+('연도별 상수'!$R$46*P15)+('연도별 상수'!$S$46*Q15))/(L15+U15+V15-W15+Z15),3) -> 0.373 | AF15: ='연도별 상수'!AG$5 -> 0.22 | AG15: ='연도별 상수'!AH$5 -> -1 | AH15: ='연도별 상수'!$F$46 -> 1.170772 | AI15: 0 | AJ15: 0 | AK15: 0 | AL15: 0 | AM15: 0 | AN15: 0 | AO15: 7 | AP15: =K15 -> 340 | AQ15: 0
A16: 15 | B16: 허인서 | C16: ='연도별 상수'!AE$2 -> C | D16: HAN | E16: ='연도별 상수'!$A$46 -> 2026 | F16: =ROUND(((H16)+(I16)+(AG16*K16/600)+(20*K16/600))/'연도별 상수'!$U$46,2) -> 2.06 | G16: =ROUND(100*(((((AE16-'리그 타자'!$B$46)/'연도별 상수'!$T$46)+'연도별 상수'!$W$46))+('연도별 상수'!$W$46*(1-AH16)))/'연도별 상수'!$W$46,1) -> 108.2 | H16: =ROUND((((AE16-'리그 타자'!$B$46)/'연도별 상수'!$T$46)*K16/AH16)+(S16*'연도별 상수'!$AB$46-T16*'연도별 상수'!$AC$46)-((S16+T16)*('연도별 상수'!$AD$46*0.2-(1-'연도별 상수'!$AD$46)*0.4))+0.05*(S16+O16+P16),1) -> 6.7 | I16: =ROUND((0.75*AO16)+(AF16*(J16/144)),1) -> 3.4 | J16: 73 | K16: 244 | L16: 212 | M16: 39 | N16: 62 | O16: 7 | P16: 0 | Q16: 12 | R16: 45 | S16: 0 | T16: 1 | U16: 21 | V16: 6 | W16: 2 | X16: 73 | Y16: 1 | Z16: 2 | AA16: =ROUND(N16/L16,3) -> 0.292 | AB16: =ROUND((N16+U16+V16)/(L16+U16+V16+Z16),3) -> 0.369 | AC16: =ROUND(((N16-O16-P16-Q16)+2*O16+3*P16+4*Q16)/L16,3) -> 0.495 | AD16: =ROUND(AB16+AC16,3) -> 0.864 | AE16: =ROUND((('연도별 상수'!$N$46*(U16-W16))+('연도별 상수'!$O$46*V16)+('연도별 상수'!$P$46*(N16-O16-P16-Q16))+('연도별 상수'!$Q$46*O16)+('연도별 상수'!$R$46*P16)+('연도별 상수'!$S$46*Q16))/(L16+U16+V16-W16+Z16),3) -> 0.387 | AF16: ='연도별 상수'!AG$2 -> 5.22 | AG16: ='연도별 상수'!AH$2 -> 10 | AH16: ='연도별 상수'!$F$46 -> 1.170772 | AI16: 0 | AJ16: 0 | AK16: 0 | AL16: 0 | AM16: 0 | AN16: 0 | AO16: 1 | AP16: =K16 -> 244 | AQ16: 0
A17: 16 | B17: 김호령 | C17: ='연도별 상수'!AE$8 -> CF | D17: KIA | E17: ='연도별 상수'!$A$46 -> 2026 | F17: =ROUND(((H17)+(I17)+(AG17*K17/600)+(20*K17/600))/'연도별 상수'!$U$46,2) -> 2.06 | G17: =ROUND(100*(((((AE17-'리그 타자'!$B$46)/'연도별 상수'!$T$46)+'연도별 상수'!$W$46))+('연도별 상수'!$W$46*(1-AH17)))/'연도별 상수'!$W$46,1) -> 107.8 | H17: =ROUND((((AE17-'리그 타자'!$B$46)/'연도별 상수'!$T$46)*K17/AH17)+(S17*'연도별 상수'!$AB$46-T17*'연도별 상수'!$AC$46)-((S17+T17)*('연도별 상수'!$AD$46*0.2-(1-'연도별 상수'!$AD$46)*0.4))+0.05*(S17+O17+P17),1) -> 1 | I17: =ROUND((0.75*AO17)+(AF17*(J17/144)),1) -> 7.3 | J17: 85 | K17: 363 | L17: 329 | M17: 50 | N17: 92 | O17: 22 | P17: 1 | Q17: 11 | R17: 46 | S17: 9 | T17: 4 | U17: 20 | V17: 3 | W17: 1 | X17: 95 | Y17: 6 | Z17: 5 | AA17: =ROUND(N17/L17,3) -> 0.28 | AB17: =ROUND((N17+U17+V17)/(L17+U17+V17+Z17),3) -> 0.322 | AC17: =ROUND(((N17-O17-P17-Q17)+2*O17+3*P17+4*Q17)/L17,3) -> 0.453 | AD17: =ROUND(AB17+AC17,3) -> 0.775 | AE17: =ROUND((('연도별 상수'!$N$46*(U17-W17))+('연도별 상수'!$O$46*V17)+('연도별 상수'!$P$46*(N17-O17-P17-Q17))+('연도별 상수'!$Q$46*O17)+('연도별 상수'!$R$46*P17)+('연도별 상수'!$S$46*Q17))/(L17+U17+V17-W17+Z17),3) -> 0.346 | AF17: ='연도별 상수'!AG$8 -> 2.22 | AG17: ='연도별 상수'!AH$8 -> 3 | AH17: ='연도별 상수'!$G$46 -> 0.919389 | AI17: 0 | AJ17: 0 | AK17: 0 | AL17: 0 | AM17: 0 | AN17: 0 | AO17: 8 | AP17: =K17 -> 363 | AQ17: 0
A18: 17 | B18: 류지혁 | C18: ='연도별 상수'!AE$4 -> 2B | D18: SAM | E18: ='연도별 상수'!$A$46 -> 2026 | F18: =ROUND(((H18)+(I18)+(AG18*K18/600)+(20*K18/600))/'연도별 상수'!$U$46,2) -> 2.02 | G18: =ROUND(100*(((((AE18-'리그 타자'!$B$46)/'연도별 상수'!$T$46)+'연도별 상수'!$W$46))+('연도별 상수'!$W$46*(1-AH18)))/'연도별 상수'!$W$46,1) -> 110.4 | H18: =ROUND((((AE18-'리그 타자'!$B$46)/'연도별 상수'!$T$46)*K18/AH18)+(S18*'연도별 상수'!$AB$46-T18*'연도별 상수'!$AC$46)-((S18+T18)*('연도별 상수'!$AD$46*0.2-(1-'연도별 상수'!$AD$46)*0.4))+0.05*(S18+O18+P18),1) -> 10.3 | I18: =ROUND((0.75*AO18)+(AF18*(J18/144)),1) -> -0.8 | J18: 81 | K18: 322 | L18: 271 | M18: 41 | N18: 79 | O18: 12 | P18: 4 | Q18: 5 | R18: 47 | S18: 18 | T18: 1 | U18: 38 | V18: 6 | W18: 1 | X18: 46 | Y18: 5 | Z18: 3 | AA18: =ROUND(N18/L18,3) -> 0.292 | AB18: =ROUND((N18+U18+V18)/(L18+U18+V18+Z18),3) -> 0.387 | AC18: =ROUND(((N18-O18-P18-Q18)+2*O18+3*P18+4*Q18)/L18,3) -> 0.421 | AD18: =ROUND(AB18+AC18,3) -> 0.808 | AE18: =ROUND((('연도별 상수'!$N$46*(U18-W18))+('연도별 상수'!$O$46*V18)+('연도별 상수'!$P$46*(N18-O18-P18-Q18))+('연도별 상수'!$Q$46*O18)+('연도별 상수'!$R$46*P18)+('연도별 상수'!$S$46*Q18))/(L18+U18+V18-W18+Z18),3) -> 0.372 | AF18: ='연도별 상수'!AG$4 -> 1.22 | AG18: ='연도별 상수'!AH$4 -> 3 | AH18: ='연도별 상수'!$H$46 -> 1.055356 | AI18: 0 | AJ18: 0 | AK18: 0 | AL18: 0 | AM18: 0 | AN18: 0 | AO18: -2 | AP18: =K18 -> 322 | AQ18: 0
A19: 18 | B19: 박준순 | C19: ='연도별 상수'!AE$4 -> 2B | D19: DOO | E19: ='연도별 상수'!$A$46 -> 2026 | F19: =ROUND(((H19)+(I19)+(AG19*K19/600)+(20*K19/600))/'연도별 상수'!$U$46,2) -> 2.13 | G19: =ROUND(100*(((((AE19-'리그 타자'!$B$46)/'연도별 상수'!$T$46)+'연도별 상수'!$W$46))+('연도별 상수'!$W$46*(1-AH19)))/'연도별 상수'!$W$46,1) -> 161.2 | H19: =ROUND((((AE19-'리그 타자'!$B$46)/'연도별 상수'!$T$46)*K19/AH19)+(S19*'연도별 상수'!$AB$46-T19*'연도별 상수'!$AC$46)-((S19+T19)*('연도별 상수'!$AD$46*0.2-(1-'연도별 상수'!$AD$46)*0.4))+0.05*(S19+O19+P19),1) -> 17.3 | I19: =ROUND((0.75*AO19)+(AF19*(J19/144)),1) -> -3.3 | J19: 54 | K19: 234 | L19: 217 | M19: 28 | N19: 73 | O19: 9 | P19: 5 | Q19: 11 | R19: 39 | S19: 1 | T19: 1 | U19: 12 | V19: 4 | W19: 0 | X19: 46 | Y19: 7 | Z19: 1 | AA19: =ROUND(N19/L19,3) -> 0.336 | AB19: =ROUND((N19+U19+V19)/(L19+U19+V19+Z19),3) -> 0.38 | AC19: =ROUND(((N19-O19-P19-Q19)+2*O19+3*P19+4*Q19)/L19,3) -> 0.576 | AD19: =ROUND(AB19+AC19,3) -> 0.956 | AE19: =ROUND((('연도별 상수'!$N$46*(U19-W19))+('연도별 상수'!$O$46*V19)+('연도별 상수'!$P$46*(N19-O19-P19-Q19))+('연도별 상수'!$Q$46*O19)+('연도별 상수'!$R$46*P19)+('연도별 상수'!$S$46*Q19))/(L19+U19+V19-W19+Z19),3) -> 0.424 | AF19: ='연도별 상수'!AG$4 -> 1.22 | AG19: ='연도별 상수'!AH$4 -> 3 | AH19: ='연도별 상수'!$B$46 -> 0.871842 | AI19: 0 | AJ19: 0 | AK19: 0 | AL19: 0 | AM19: 0 | AN19: 0 | AO19: -5 | AP19: =K19 -> 234 | AQ19: 0
A20: 19 | B20: 최지훈 | C20: ='연도별 상수'!AE$8 -> CF | D20: SSG | E20: ='연도별 상수'!$A$46 -> 2026 | F20: =ROUND(((H20)+(I20)+(AG20*K20/600)+(20*K20/600))/'연도별 상수'!$U$46,2) -> 1.79 | G20: =ROUND(100*(((((AE20-'리그 타자'!$B$46)/'연도별 상수'!$T$46)+'연도별 상수'!$W$46))+('연도별 상수'!$W$46*(1-AH20)))/'연도별 상수'!$W$46,1) -> 89.9 | H20: =ROUND((((AE20-'리그 타자'!$B$46)/'연도별 상수'!$T$46)*K20/AH20)+(S20*'연도별 상수'!$AB$46-T20*'연도별 상수'!$AC$46)-((S20+T20)*('연도별 상수'!$AD$46*0.2-(1-'연도별 상수'!$AD$46)*0.4))+0.05*(S20+O20+P20),1) -> -4.2 | I20: =ROUND((0.75*AO20)+(AF20*(J20/144)),1) -> 10.3 | J20: 84 | K20: 346 | L20: 315 | M20: 45 | N20: 76 | O20: 15 | P20: 6 | Q20: 10 | R20: 38 | S20: 11 | T20: 0 | U20: 22 | V20: 3 | W20: 0 | X20: 48 | Y20: 5 | Z20: 4 | AA20: =ROUND(N20/L20,3) -> 0.241 | AB20: =ROUND((N20+U20+V20)/(L20+U20+V20+Z20),3) -> 0.294 | AC20: =ROUND(((N20-O20-P20-Q20)+2*O20+3*P20+4*Q20)/L20,3) -> 0.422 | AD20: =ROUND(AB20+AC20,3) -> 0.716 | AE20: =ROUND((('연도별 상수'!$N$46*(U20-W20))+('연도별 상수'!$O$46*V20)+('연도별 상수'!$P$46*(N20-O20-P20-Q20))+('연도별 상수'!$Q$46*O20)+('연도별 상수'!$R$46*P20)+('연도별 상수'!$S$46*Q20))/(L20+U20+V20-W20+Z20),3) -> 0.321 | AF20: ='연도별 상수'!AG$8 -> 2.22 | AG20: ='연도별 상수'!AH$8 -> 3 | AH20: ='연도별 상수'!$D$46 -> 0.943387 | AI20: 0 | AJ20: 0 | AK20: 0 | AL20: 0 | AM20: 0 | AN20: 0 | AO20: 12 | AP20: =K20 -> 346 | AQ20: 0
A21: 20 | B21: 송찬의 | C21: ='연도별 상수'!AE$7 -> LF | D21: LG | E21: ='연도별 상수'!$A$46 -> 2026 | F21: =ROUND(((H21)+(I21)+(AG21*K21/600)+(20*K21/600))/'연도별 상수'!$U$46,2) -> 1.98 | G21: =ROUND(100*(((((AE21-'리그 타자'!$B$46)/'연도별 상수'!$T$46)+'연도별 상수'!$W$46))+('연도별 상수'!$W$46*(1-AH21)))/'연도별 상수'!$W$46,1) -> 158.7 | H21: =ROUND((((AE21-'리그 타자'!$B$46)/'연도별 상수'!$T$46)*K21/AH21)+(S21*'연도별 상수'!$AB$46-T21*'연도별 상수'!$AC$46)-((S21+T21)*('연도별 상수'!$AD$46*0.2-(1-'연도별 상수'!$AD$46)*0.4))+0.05*(S21+O21+P21),1) -> 16.1 | I21: =ROUND((0.75*AO21)+(AF21*(J21/144)),1) -> -0.2 | J21: 63 | K21: 219 | L21: 188 | M21: 39 | N21: 56 | O21: 19 | P21: 1 | Q21: 8 | R21: 33 | S21: 1 | T21: 0 | U21: 21 | V21: 10 | W21: 0 | X21: 53 | Y21: 7 | Z21: 0 | AA21: =ROUND(N21/L21,3) -> 0.298 | AB21: =ROUND((N21+U21+V21)/(L21+U21+V21+Z21),3) -> 0.397 | AC21: =ROUND(((N21-O21-P21-Q21)+2*O21+3*P21+4*Q21)/L21,3) -> 0.537 | AD21: =ROUND(AB21+AC21,3) -> 0.934 | AE21: =ROUND((('연도별 상수'!$N$46*(U21-W21))+('연도별 상수'!$O$46*V21)+('연도별 상수'!$P$46*(N21-O21-P21-Q21))+('연도별 상수'!$Q$46*O21)+('연도별 상수'!$R$46*P21)+('연도별 상수'!$S$46*Q21))/(L21+U21+V21-W21+Z21),3) -> 0.42 | AF21: ='연도별 상수'!AG$7 -> -5.5 | AG21: ='연도별 상수'!AH$7 -> -5 | AH21: ='연도별 상수'!$B$46 -> 0.871842 | AI21: 0 | AJ21: 0 | AK21: 0 | AL21: 0 | AM21: 0 | AN21: 0 | AO21: 3 | AP21: =K21 -> 219 | AQ21: 0
A22: 21 | B22: 박동원 | C22: ='연도별 상수'!AE$2 -> C | D22: LG | E22: ='연도별 상수'!$A$46 -> 2026 | F22: =ROUND(((H22)+(I22)+(AG22*K22/600)+(20*K22/600))/'연도별 상수'!$U$46,2) -> 1.77 | G22: =ROUND(100*(((((AE22-'리그 타자'!$B$46)/'연도별 상수'!$T$46)+'연도별 상수'!$W$46))+('연도별 상수'!$W$46*(1-AH22)))/'연도별 상수'!$W$46,1) -> 117 | H22: =ROUND((((AE22-'리그 타자'!$B$46)/'연도별 상수'!$T$46)*K22/AH22)+(S22*'연도별 상수'!$AB$46-T22*'연도별 상수'!$AC$46)-((S22+T22)*('연도별 상수'!$AD$46*0.2-(1-'연도별 상수'!$AD$46)*0.4))+0.05*(S22+O22+P22),1) -> 1.5 | I22: =ROUND((0.75*AO22)+(AF22*(J22/144)),1) -> 4.3 | J22: 76 | K22: 267 | L22: 217 | M22: 34 | N22: 52 | O22: 11 | P22: 0 | Q22: 9 | R22: 38 | S22: 1 | T22: 2 | U22: 37 | V22: 4 | W22: 2 | X22: 66 | Y22: 9 | Z22: 3 | AA22: =ROUND(N22/L22,3) -> 0.24 | AB22: =ROUND((N22+U22+V22)/(L22+U22+V22+Z22),3) -> 0.356 | AC22: =ROUND(((N22-O22-P22-Q22)+2*O22+3*P22+4*Q22)/L22,3) -> 0.415 | AD22: =ROUND(AB22+AC22,3) -> 0.771 | AE22: =ROUND((('연도별 상수'!$N$46*(U22-W22))+('연도별 상수'!$O$46*V22)+('연도별 상수'!$P$46*(N22-O22-P22-Q22))+('연도별 상수'!$Q$46*O22)+('연도별 상수'!$R$46*P22)+('연도별 상수'!$S$46*Q22))/(L22+U22+V22-W22+Z22),3) -> 0.353 | AF22: ='연도별 상수'!AG$2 -> 5.22 | AG22: ='연도별 상수'!AH$2 -> 10 | AH22: ='연도별 상수'!$B$46 -> 0.871842 | AI22: 0 | AJ22: 0 | AK22: 0 | AL22: 0 | AM22: 0 | AN22: 0 | AO22: 2 | AP22: =K22 -> 267 | AQ22: 0
A23: 22 | B23: 양의지 | C23: ='연도별 상수'!AE$2 -> C | D23: DOO | E23: ='연도별 상수'!$A$46 -> 2026 | F23: =ROUND(((H23)+(I23)+(AG23*K23/600)+(20*K23/600))/'연도별 상수'!$U$46,2) -> 1.68 | G23: =ROUND(100*(((((AE23-'리그 타자'!$B$46)/'연도별 상수'!$T$46)+'연도별 상수'!$W$46))+('연도별 상수'!$W$46*(1-AH23)))/'연도별 상수'!$W$46,1) -> 111.4 | H23: =ROUND((((AE23-'리그 타자'!$B$46)/'연도별 상수'!$T$46)*K23/AH23)+(S23*'연도별 상수'!$AB$46-T23*'연도별 상수'!$AC$46)-((S23+T23)*('연도별 상수'!$AD$46*0.2-(1-'연도별 상수'!$AD$46)*0.4))+0.05*(S23+O23+P23),1) -> 0 | I23: =ROUND((0.75*AO23)+(AF23*(J23/144)),1) -> 1.5 | J23: 84 | K23: 333 | L23: 281 | M23: 27 | N23: 71 | O23: 11 | P23: 0 | Q23: 11 | R23: 43 | S23: 1 | T23: 0 | U23: 27 | V23: 16 | W23: 0 | X23: 37 | Y23: 8 | Z23: 9 | AA23: =ROUND(N23/L23,3) -> 0.253 | AB23: =ROUND((N23+U23+V23)/(L23+U23+V23+Z23),3) -> 0.342 | AC23: =ROUND(((N23-O23-P23-Q23)+2*O23+3*P23+4*Q23)/L23,3) -> 0.409 | AD23: =ROUND(AB23+AC23,3) -> 0.751 | AE23: =ROUND((('연도별 상수'!$N$46*(U23-W23))+('연도별 상수'!$O$46*V23)+('연도별 상수'!$P$46*(N23-O23-P23-Q23))+('연도별 상수'!$Q$46*O23)+('연도별 상수'!$R$46*P23)+('연도별 상수'!$S$46*Q23))/(L23+U23+V23-W23+Z23),3) -> 0.344 | AF23: ='연도별 상수'!AG$2 -> 5.22 | AG23: ='연도별 상수'!AH$2 -> 10 | AH23: ='연도별 상수'!$B$46 -> 0.871842 | AI23: 0 | AJ23: 0 | AK23: 0 | AL23: 0 | AM23: 0 | AN23: 0 | AO23: -2 | AP23: =K23 -> 333 | AQ23: 0
A24: 23 | B24: 정수빈 | C24: ='연도별 상수'!AE$8 -> CF | D24: DOO | E24: ='연도별 상수'!$A$46 -> 2026 | F24: =ROUND(((H24)+(I24)+(AG24*K24/600)+(20*K24/600))/'연도별 상수'!$U$46,2) -> 1.66 | G24: =ROUND(100*(((((AE24-'리그 타자'!$B$46)/'연도별 상수'!$T$46)+'연도별 상수'!$W$46))+('연도별 상수'!$W$46*(1-AH24)))/'연도별 상수'!$W$46,1) -> 107.6 | H24: =ROUND((((AE24-'리그 타자'!$B$46)/'연도별 상수'!$T$46)*K24/AH24)+(S24*'연도별 상수'!$AB$46-T24*'연도별 상수'!$AC$46)-((S24+T24)*('연도별 상수'!$AD$46*0.2-(1-'연도별 상수'!$AD$46)*0.4))+0.05*(S24+O24+P24),1) -> -1 | I24: =ROUND((0.75*AO24)+(AF24*(J24/144)),1) -> 5.8 | J24: 85 | K24: 342 | L24: 297 | M24: 45 | N24: 79 | O24: 8 | P24: 4 | Q24: 6 | R24: 32 | S24: 14 | T24: 4 | U24: 34 | V24: 4 | W24: 1 | X24: 49 | Y24: 4 | Z24: 1 | AA24: =ROUND(N24/L24,3) -> 0.266 | AB24: =ROUND((N24+U24+V24)/(L24+U24+V24+Z24),3) -> 0.348 | AC24: =ROUND(((N24-O24-P24-Q24)+2*O24+3*P24+4*Q24)/L24,3) -> 0.38 | AD24: =ROUND(AB24+AC24,3) -> 0.728 | AE24: =ROUND((('연도별 상수'!$N$46*(U24-W24))+('연도별 상수'!$O$46*V24)+('연도별 상수'!$P$46*(N24-O24-P24-Q24))+('연도별 상수'!$Q$46*O24)+('연도별 상수'!$R$46*P24)+('연도별 상수'!$S$46*Q24))/(L24+U24+V24-W24+Z24),3) -> 0.338 | AF24: ='연도별 상수'!AG$8 -> 2.22 | AG24: ='연도별 상수'!AH$8 -> 3 | AH24: ='연도별 상수'!$B$46 -> 0.871842 | AI24: 0 | AJ24: 0 | AK24: 0 | AL24: 0 | AM24: 0 | AN24: 0 | AO24: 6 | AP24: =K24 -> 342 | AQ24: 0
A25: 24 | B25: 강백호 | C25: ='연도별 상수'!AE$10 -> DH | D25: HAN | E25: ='연도별 상수'!$A$46 -> 2026 | F25: =ROUND(((H25)+(I25)+(AG25*K25/600)+(20*K25/600))/'연도별 상수'!$U$46,2) -> 1.43 | G25: =ROUND(100*(((((AE25-'리그 타자'!$B$46)/'연도별 상수'!$T$46)+'연도별 상수'!$W$46))+('연도별 상수'!$W$46*(1-AH25)))/'연도별 상수'!$W$46,1) -> 134.4 | H25: =ROUND((((AE25-'리그 타자'!$B$46)/'연도별 상수'!$T$46)*K25/AH25)+(S25*'연도별 상수'!$AB$46-T25*'연도별 상수'!$AC$46)-((S25+T25)*('연도별 상수'!$AD$46*0.2-(1-'연도별 상수'!$AD$46)*0.4))+0.05*(S25+O25+P25),1) -> 19.4 | I25: =ROUND((0.75*AO25)+(AF25*(J25/144)),1) -> -6.8 | J25: 78 | K25: 341 | L25: 300 | M25: 50 | N25: 94 | O25: 17 | P25: 0 | Q25: 23 | R25: 85 | S25: 0 | T25: 2 | U25: 36 | V25: 1 | W25: 3 | X25: 68 | Y25: 6 | Z25: 4 | AA25: =ROUND(N25/L25,3) -> 0.313 | AB25: =ROUND((N25+U25+V25)/(L25+U25+V25+Z25),3) -> 0.384 | AC25: =ROUND(((N25-O25-P25-Q25)+2*O25+3*P25+4*Q25)/L25,3) -> 0.6 | AD25: =ROUND(AB25+AC25,3) -> 0.984 | AE25: =ROUND((('연도별 상수'!$N$46*(U25-W25))+('연도별 상수'!$O$46*V25)+('연도별 상수'!$P$46*(N25-O25-P25-Q25))+('연도별 상수'!$Q$46*O25)+('연도별 상수'!$R$46*P25)+('연도별 상수'!$S$46*Q25))/(L25+U25+V25-W25+Z25),3) -> 0.429 | AF25: ='연도별 상수'!AG$10 -> -12.5 | AG25: ='연도별 상수'!AH$10 -> -15 | AH25: ='연도별 상수'!$F$46 -> 1.170772 | AI25: 0 | AJ25: 0 | AK25: 0 | AL25: 0 | AM25: 0 | AN25: 0 | AO25: 0 | AP25: =K25 -> 341 | AQ25: 0
A26: 25 | B26: 나성범 | C26: ='연도별 상수'!AE$9 -> RF | D26: KIA | E26: ='연도별 상수'!$A$46 -> 2026 | F26: =ROUND(((H26)+(I26)+(AG26*K26/600)+(20*K26/600))/'연도별 상수'!$U$46,2) -> 1.77 | G26: =ROUND(100*(((((AE26-'리그 타자'!$B$46)/'연도별 상수'!$T$46)+'연도별 상수'!$W$46))+('연도별 상수'!$W$46*(1-AH26)))/'연도별 상수'!$W$46,1) -> 146.5 | H26: =ROUND((((AE26-'리그 타자'!$B$46)/'연도별 상수'!$T$46)*K26/AH26)+(S26*'연도별 상수'!$AB$46-T26*'연도별 상수'!$AC$46)-((S26+T26)*('연도별 상수'!$AD$46*0.2-(1-'연도별 상수'!$AD$46)*0.4))+0.05*(S26+O26+P26),1) -> 18.8 | I26: =ROUND((0.75*AO26)+(AF26*(J26/144)),1) -> -8 | J26: 82 | K26: 331 | L26: 288 | M26: 47 | N26: 85 | O26: 17 | P26: 0 | Q26: 17 | R26: 49 | S26: 0 | T26: 0 | U26: 36 | V26: 5 | W26: 0 | X26: 87 | Y26: 5 | Z26: 2 | AA26: =ROUND(N26/L26,3) -> 0.295 | AB26: =ROUND((N26+U26+V26)/(L26+U26+V26+Z26),3) -> 0.381 | AC26: =ROUND(((N26-O26-P26-Q26)+2*O26+3*P26+4*Q26)/L26,3) -> 0.531 | AD26: =ROUND(AB26+AC26,3) -> 0.912 | AE26: =ROUND((('연도별 상수'!$N$46*(U26-W26))+('연도별 상수'!$O$46*V26)+('연도별 상수'!$P$46*(N26-O26-P26-Q26))+('연도별 상수'!$Q$46*O26)+('연도별 상수'!$R$46*P26)+('연도별 상수'!$S$46*Q26))/(L26+U26+V26-W26+Z26),3) -> 0.408 | AF26: ='연도별 상수'!AG$9 -> -4.77 | AG26: ='연도별 상수'!AH$9 -> -5 | AH26: ='연도별 상수'!$G$46 -> 0.919389 | AI26: 0 | AJ26: 0 | AK26: 0 | AL26: 0 | AM26: 0 | AN26: 0 | AO26: -7 | AP26: =K26 -> 331 | AQ26: 0
A27: 26 | B27: 레이예스 | C27: ='연도별 상수'!AE$7 -> LF | D27: LOT | E27: ='연도별 상수'!$A$46 -> 2026 | F27: =ROUND(((H27)+(I27)+(AG27*K27/600)+(20*K27/600))/'연도별 상수'!$U$46,2) -> 1.49 | G27: =ROUND(100*(((((AE27-'리그 타자'!$B$46)/'연도별 상수'!$T$46)+'연도별 상수'!$W$46))+('연도별 상수'!$W$46*(1-AH27)))/'연도별 상수'!$W$46,1) -> 122 | H27: =ROUND((((AE27-'리그 타자'!$B$46)/'연도별 상수'!$T$46)*K27/AH27)+(S27*'연도별 상수'!$AB$46-T27*'연도별 상수'!$AC$46)-((S27+T27)*('연도별 상수'!$AD$46*0.2-(1-'연도별 상수'!$AD$46)*0.4))+0.05*(S27+O27+P27),1) -> 16.7 | I27: =ROUND((0.75*AO27)+(AF27*(J27/144)),1) -> -10 | J27: 85 | K27: 374 | L27: 336 | M27: 43 | N27: 117 | O27: 19 | P27: 1 | Q27: 11 | R27: 61 | S27: 1 | T27: 1 | U27: 33 | V27: 2 | W27: 7 | X27: 40 | Y27: 5 | Z27: 3 | AA27: =ROUND(N27/L27,3) -> 0.348 | AB27: =ROUND((N27+U27+V27)/(L27+U27+V27+Z27),3) -> 0.406 | AC27: =ROUND(((N27-O27-P27-Q27)+2*O27+3*P27+4*Q27)/L27,3) -> 0.509 | AD27: =ROUND(AB27+AC27,3) -> 0.915 | AE27: =ROUND((('연도별 상수'!$N$46*(U27-W27))+('연도별 상수'!$O$46*V27)+('연도별 상수'!$P$46*(N27-O27-P27-Q27))+('연도별 상수'!$Q$46*O27)+('연도별 상수'!$R$46*P27)+('연도별 상수'!$S$46*Q27))/(L27+U27+V27-W27+Z27),3) -> 0.408 | AF27: ='연도별 상수'!AG$7 -> -5.5 | AG27: ='연도별 상수'!AH$7 -> -5 | AH27: ='연도별 상수'!$I$46 -> 1.163773 | AI27: 0 | AJ27: 0 | AK27: 0 | AL27: 0 | AM27: 0 | AN27: 0 | AO27: -9 | AP27: =K27 -> 374 | AQ27: 1
A28: 27 | B28: 구자욱 | C28: ='연도별 상수'!AE$7 -> LF | D28: SAM | E28: ='연도별 상수'!$A$46 -> 2026 | F28: =ROUND(((H28)+(I28)+(AG28*K28/600)+(20*K28/600))/'연도별 상수'!$U$46,2) -> 1.65 | G28: =ROUND(100*(((((AE28-'리그 타자'!$B$46)/'연도별 상수'!$T$46)+'연도별 상수'!$W$46))+('연도별 상수'!$W$46*(1-AH28)))/'연도별 상수'!$W$46,1) -> 141 | H28: =ROUND((((AE28-'리그 타자'!$B$46)/'연도별 상수'!$T$46)*K28/AH28)+(S28*'연도별 상수'!$AB$46-T28*'연도별 상수'!$AC$46)-((S28+T28)*('연도별 상수'!$AD$46*0.2-(1-'연도별 상수'!$AD$46)*0.4))+0.05*(S28+O28+P28),1) -> 17.6 | I28: =ROUND((0.75*AO28)+(AF28*(J28/144)),1) -> -7 | J28: 66 | K28: 287 | L28: 245 | M28: 49 | N28: 83 | O28: 14 | P28: 3 | Q28: 8 | R28: 57 | S28: 4 | T28: 1 | U28: 35 | V28: 3 | W28: 2 | X28: 41 | Y28: 2 | Z28: 4 | AA28: =ROUND(N28/L28,3) -> 0.339 | AB28: =ROUND((N28+U28+V28)/(L28+U28+V28+Z28),3) -> 0.422 | AC28: =ROUND(((N28-O28-P28-Q28)+2*O28+3*P28+4*Q28)/L28,3) -> 0.518 | AD28: =ROUND(AB28+AC28,3) -> 0.94 | AE28: =ROUND((('연도별 상수'!$N$46*(U28-W28))+('연도별 상수'!$O$46*V28)+('연도별 상수'!$P$46*(N28-O28-P28-Q28))+('연도별 상수'!$Q$46*O28)+('연도별 상수'!$R$46*P28)+('연도별 상수'!$S$46*Q28))/(L28+U28+V28-W28+Z28),3) -> 0.421 | AF28: ='연도별 상수'!AG$7 -> -5.5 | AG28: ='연도별 상수'!AH$7 -> -5 | AH28: ='연도별 상수'!$H$46 -> 1.055356 | AI28: 0 | AJ28: 0 | AK28: 0 | AL28: 0 | AM28: 0 | AN28: 0 | AO28: -6 | AP28: =K28 -> 287 | AQ28: 0
A29: 28 | B29: 박승규 | C29: ='연도별 상수'!AE$9 -> RF | D29: SAM | E29: ='연도별 상수'!$A$46 -> 2026 | F29: =ROUND(((H29)+(I29)+(AG29*K29/600)+(20*K29/600))/'연도별 상수'!$U$46,2) -> 1.58 | G29: =ROUND(100*(((((AE29-'리그 타자'!$B$46)/'연도별 상수'!$T$46)+'연도별 상수'!$W$46))+('연도별 상수'!$W$46*(1-AH29)))/'연도별 상수'!$W$46,1) -> 131.6 | H29: =ROUND((((AE29-'리그 타자'!$B$46)/'연도별 상수'!$T$46)*K29/AH29)+(S29*'연도별 상수'!$AB$46-T29*'연도별 상수'!$AC$46)-((S29+T29)*('연도별 상수'!$AD$46*0.2-(1-'연도별 상수'!$AD$46)*0.4))+0.05*(S29+O29+P29),1) -> 13.5 | I29: =ROUND((0.75*AO29)+(AF29*(J29/144)),1) -> -3 | J29: 69 | K29: 262 | L29: 217 | M29: 46 | N29: 62 | O29: 10 | P29: 5 | Q29: 9 | R29: 34 | S29: 6 | T29: 1 | U29: 40 | V29: 3 | W29: 1 | X29: 37 | Y29: 5 | Z29: 2 | AA29: =ROUND(N29/L29,3) -> 0.286 | AB29: =ROUND((N29+U29+V29)/(L29+U29+V29+Z29),3) -> 0.401 | AC29: =ROUND(((N29-O29-P29-Q29)+2*O29+3*P29+4*Q29)/L29,3) -> 0.502 | AD29: =ROUND(AB29+AC29,3) -> 0.903 | AE29: =ROUND((('연도별 상수'!$N$46*(U29-W29))+('연도별 상수'!$O$46*V29)+('연도별 상수'!$P$46*(N29-O29-P29-Q29))+('연도별 상수'!$Q$46*O29)+('연도별 상수'!$R$46*P29)+('연도별 상수'!$S$46*Q29))/(L29+U29+V29-W29+Z29),3) -> 0.406 | AF29: ='연도별 상수'!AG$9 -> -4.77 | AG29: ='연도별 상수'!AH$9 -> -5 | AH29: ='연도별 상수'!$H$46 -> 1.055356 | AI29: 0 | AJ29: 0 | AK29: 0 | AL29: 0 | AM29: 0 | AN29: 0 | AO29: -1 | AP29: =K29 -> 262 | AQ29: 0
A30: 29 | B30: 디아즈 | C30: ='연도별 상수'!AE$3 -> 1B | D30: SAM | E30: ='연도별 상수'!$A$46 -> 2026 | F30: =ROUND(((H30)+(I30)+(AG30*K30/600)+(20*K30/600))/'연도별 상수'!$U$46,2) -> 1.47 | G30: =ROUND(100*(((((AE30-'리그 타자'!$B$46)/'연도별 상수'!$T$46)+'연도별 상수'!$W$46))+('연도별 상수'!$W$46*(1-AH30)))/'연도별 상수'!$W$46,1) -> 123.5 | H30: =ROUND((((AE30-'리그 타자'!$B$46)/'연도별 상수'!$T$46)*K30/AH30)+(S30*'연도별 상수'!$AB$46-T30*'연도별 상수'!$AC$46)-((S30+T30)*('연도별 상수'!$AD$46*0.2-(1-'연도별 상수'!$AD$46)*0.4))+0.05*(S30+O30+P30),1) -> 15 | I30: =ROUND((0.75*AO30)+(AF30*(J30/144)),1) -> -6.8 | J30: 85 | K30: 382 | L30: 332 | M30: 52 | N30: 98 | O30: 20 | P30: 0 | Q30: 16 | R30: 71 | S30: 2 | T30: 0 | U30: 46 | V30: 1 | W30: 3 | X30: 60 | Y30: 9 | Z30: 3 | AA30: =ROUND(N30/L30,3) -> 0.295 | AB30: =ROUND((N30+U30+V30)/(L30+U30+V30+Z30),3) -> 0.38 | AC30: =ROUND(((N30-O30-P30-Q30)+2*O30+3*P30+4*Q30)/L30,3) -> 0.5 | AD30: =ROUND(AB30+AC30,3) -> 0.88 | AE30: =ROUND((('연도별 상수'!$N$46*(U30-W30))+('연도별 상수'!$O$46*V30)+('연도별 상수'!$P$46*(N30-O30-P30-Q30))+('연도별 상수'!$Q$46*O30)+('연도별 상수'!$R$46*P30)+('연도별 상수'!$S$46*Q30))/(L30+U30+V30-W30+Z30),3) -> 0.393 | AF30: ='연도별 상수'!AG$3 -> -10.22 | AG30: ='연도별 상수'!AH$3 -> -8 | AH30: ='연도별 상수'!$H$46 -> 1.055356 | AI30: 0 | AJ30: 0 | AK30: 0 | AL30: 0 | AM30: 0 | AN30: 0 | AO30: -1 | AP30: =K30 -> 382 | AQ30: 1
A31: 30 | B31: 카메론 | C31: ='연도별 상수'!AE$9 -> RF | D31: DOO | E31: ='연도별 상수'!$A$46 -> 2026 | F31: =ROUND(((H31)+(I31)+(AG31*K31/600)+(20*K31/600))/'연도별 상수'!$U$46,2) -> 1.5 | G31: =ROUND(100*(((((AE31-'리그 타자'!$B$46)/'연도별 상수'!$T$46)+'연도별 상수'!$W$46))+('연도별 상수'!$W$46*(1-AH31)))/'연도별 상수'!$W$46,1) -> 131.3 | H31: =ROUND((((AE31-'리그 타자'!$B$46)/'연도별 상수'!$T$46)*K31/AH31)+(S31*'연도별 상수'!$AB$46-T31*'연도별 상수'!$AC$46)-((S31+T31)*('연도별 상수'!$AD$46*0.2-(1-'연도별 상수'!$AD$46)*0.4))+0.05*(S31+O31+P31),1) -> 11.5 | I31: =ROUND((0.75*AO31)+(AF31*(J31/144)),1) -> -3.2 | J31: 75 | K31: 314 | L31: 279 | M31: 39 | N31: 80 | O31: 19 | P31: 3 | Q31: 9 | R31: 43 | S31: 9 | T31: 0 | U31: 30 | V31: 3 | W31: 0 | X31: 53 | Y31: 9 | Z31: 2 | AA31: =ROUND(N31/L31,3) -> 0.287 | AB31: =ROUND((N31+U31+V31)/(L31+U31+V31+Z31),3) -> 0.36 | AC31: =ROUND(((N31-O31-P31-Q31)+2*O31+3*P31+4*Q31)/L31,3) -> 0.473 | AD31: =ROUND(AB31+AC31,3) -> 0.833 | AE31: =ROUND((('연도별 상수'!$N$46*(U31-W31))+('연도별 상수'!$O$46*V31)+('연도별 상수'!$P$46*(N31-O31-P31-Q31))+('연도별 상수'!$Q$46*O31)+('연도별 상수'!$R$46*P31)+('연도별 상수'!$S$46*Q31))/(L31+U31+V31-W31+Z31),3) -> 0.376 | AF31: ='연도별 상수'!AG$9 -> -4.77 | AG31: ='연도별 상수'!AH$9 -> -5 | AH31: ='연도별 상수'!$B$46 -> 0.871842 | AI31: 0 | AJ31: 0 | AK31: 0 | AL31: 0 | AM31: 0 | AN31: 0 | AO31: -1 | AP31: =K31 -> 314 | AQ31: 1
A32: 31 | B32: 김상수 | C32: ='연도별 상수'!AE$4 -> 2B | D32: KT | E32: ='연도별 상수'!$A$46 -> 2026 | F32: =ROUND(((H32)+(I32)+(AG32*K32/600)+(20*K32/600))/'연도별 상수'!$U$46,2) -> 1.44 | G32: =ROUND(100*(((((AE32-'리그 타자'!$B$46)/'연도별 상수'!$T$46)+'연도별 상수'!$W$46))+('연도별 상수'!$W$46*(1-AH32)))/'연도별 상수'!$W$46,1) -> 91.5 | H32: =ROUND((((AE32-'리그 타자'!$B$46)/'연도별 상수'!$T$46)*K32/AH32)+(S32*'연도별 상수'!$AB$46-T32*'연도별 상수'!$AC$46)-((S32+T32)*('연도별 상수'!$AD$46*0.2-(1-'연도별 상수'!$AD$46)*0.4))+0.05*(S32+O32+P32),1) -> -1.5 | I32: =ROUND((0.75*AO32)+(AF32*(J32/144)),1) -> 5.9 | J32: 75 | K32: 291 | L32: 242 | M32: 24 | N32: 69 | O32: 7 | P32: 1 | Q32: 0 | R32: 24 | S32: 0 | T32: 3 | U32: 36 | V32: 5 | W32: 0 | X32: 34 | Y32: 8 | Z32: 1 | AA32: =ROUND(N32/L32,3) -> 0.285 | AB32: =ROUND((N32+U32+V32)/(L32+U32+V32+Z32),3) -> 0.387 | AC32: =ROUND(((N32-O32-P32-Q32)+2*O32+3*P32+4*Q32)/L32,3) -> 0.322 | AD32: =ROUND(AB32+AC32,3) -> 0.709 | AE32: =ROUND((('연도별 상수'!$N$46*(U32-W32))+('연도별 상수'!$O$46*V32)+('연도별 상수'!$P$46*(N32-O32-P32-Q32))+('연도별 상수'!$Q$46*O32)+('연도별 상수'!$R$46*P32)+('연도별 상수'!$S$46*Q32))/(L32+U32+V32-W32+Z32),3) -> 0.344 | AF32: ='연도별 상수'!AG$4 -> 1.22 | AG32: ='연도별 상수'!AH$4 -> 3 | AH32: ='연도별 상수'!$E$46 -> 1.069855 | AI32: 0 | AJ32: 0 | AK32: 0 | AL32: 0 | AM32: 0 | AN32: 0 | AO32: 7 | AP32: =K32 -> 291 | AQ32: 0
A33: 32 | B33: 전민재 | C33: ='연도별 상수'!AE$6 -> SS | D33: LOT | E33: ='연도별 상수'!$A$46 -> 2026 | F33: =ROUND(((H33)+(I33)+(AG33*K33/600)+(20*K33/600))/'연도별 상수'!$U$46,2) -> 1.43 | G33: =ROUND(100*(((((AE33-'리그 타자'!$B$46)/'연도별 상수'!$T$46)+'연도별 상수'!$W$46))+('연도별 상수'!$W$46*(1-AH33)))/'연도별 상수'!$W$46,1) -> 72.8 | H33: =ROUND((((AE33-'리그 타자'!$B$46)/'연도별 상수'!$T$46)*K33/AH33)+(S33*'연도별 상수'!$AB$46-T33*'연도별 상수'!$AC$46)-((S33+T33)*('연도별 상수'!$AD$46*0.2-(1-'연도별 상수'!$AD$46)*0.4))+0.05*(S33+O33+P33),1) -> -2.5 | I33: =ROUND((0.75*AO33)+(AF33*(J33/144)),1) -> 4.6 | J33: 82 | K33: 297 | L33: 272 | M33: 29 | N33: 74 | O33: 12 | P33: 0 | Q33: 8 | R33: 43 | S33: 9 | T33: 3 | U33: 17 | V33: 3 | W33: 0 | X33: 61 | Y33: 5 | Z33: 3 | AA33: =ROUND(N33/L33,3) -> 0.272 | AB33: =ROUND((N33+U33+V33)/(L33+U33+V33+Z33),3) -> 0.319 | AC33: =ROUND(((N33-O33-P33-Q33)+2*O33+3*P33+4*Q33)/L33,3) -> 0.404 | AD33: =ROUND(AB33+AC33,3) -> 0.723 | AE33: =ROUND((('연도별 상수'!$N$46*(U33-W33))+('연도별 상수'!$O$46*V33)+('연도별 상수'!$P$46*(N33-O33-P33-Q33))+('연도별 상수'!$Q$46*O33)+('연도별 상수'!$R$46*P33)+('연도별 상수'!$S$46*Q33))/(L33+U33+V33-W33+Z33),3) -> 0.329 | AF33: ='연도별 상수'!AG$6 -> 2.77 | AG33: ='연도별 상수'!AH$6 -> 7 | AH33: ='연도별 상수'!$I$46 -> 1.163773 | AI33: 0 | AJ33: 0 | AK33: 0 | AL33: 0 | AM33: 0 | AN33: 0 | AO33: 4 | AP33: =K33 -> 297 | AQ33: 0
A34: 33 | B34: 최형우 | C34: ='연도별 상수'!AE$10 -> DH | D34: SAM | E34: ='연도별 상수'!$A$46 -> 2026 | F34: =ROUND(((H34)+(I34)+(AG34*K34/600)+(20*K34/600))/'연도별 상수'!$U$46,2) -> 1.43 | G34: =ROUND(100*(((((AE34-'리그 타자'!$B$46)/'연도별 상수'!$T$46)+'연도별 상수'!$W$46))+('연도별 상수'!$W$46*(1-AH34)))/'연도별 상수'!$W$46,1) -> 139.7 | H34: =ROUND((((AE34-'리그 타자'!$B$46)/'연도별 상수'!$T$46)*K34/AH34)+(S34*'연도별 상수'!$AB$46-T34*'연도별 상수'!$AC$46)-((S34+T34)*('연도별 상수'!$AD$46*0.2-(1-'연도별 상수'!$AD$46)*0.4))+0.05*(S34+O34+P34),1) -> 20.3 | I34: =ROUND((0.75*AO34)+(AF34*(J34/144)),1) -> -7.8 | J34: 81 | K34: 348 | L34: 289 | M34: 40 | N34: 95 | O34: 16 | P34: 0 | Q34: 12 | R34: 66 | S34: 1 | T34: 0 | U34: 50 | V34: 3 | W34: 4 | X34: 48 | Y34: 11 | Z34: 6 | AA34: =ROUND(N34/L34,3) -> 0.329 | AB34: =ROUND((N34+U34+V34)/(L34+U34+V34+Z34),3) -> 0.425 | AC34: =ROUND(((N34-O34-P34-Q34)+2*O34+3*P34+4*Q34)/L34,3) -> 0.509 | AD34: =ROUND(AB34+AC34,3) -> 0.934 | AE34: =ROUND((('연도별 상수'!$N$46*(U34-W34))+('연도별 상수'!$O$46*V34)+('연도별 상수'!$P$46*(N34-O34-P34-Q34))+('연도별 상수'!$Q$46*O34)+('연도별 상수'!$R$46*P34)+('연도별 상수'!$S$46*Q34))/(L34+U34+V34-W34+Z34),3) -> 0.419 | AF34: ='연도별 상수'!AG$10 -> -12.5 | AG34: ='연도별 상수'!AH$10 -> -15 | AH34: ='연도별 상수'!$H$46 -> 1.055356 | AI34: 0 | AJ34: 0 | AK34: 0 | AL34: 0 | AM34: 0 | AN34: 0 | AO34: -1 | AP34: =K34 -> 348 | AQ34: 0
A35: 34 | B35: 정준재 | C35: ='연도별 상수'!AE$4 -> 2B | D35: SSG | E35: ='연도별 상수'!$A$46 -> 2026 | F35: =ROUND(((H35)+(I35)+(AG35*K35/600)+(20*K35/600))/'연도별 상수'!$U$46,2) -> 1.27 | G35: =ROUND(100*(((((AE35-'리그 타자'!$B$46)/'연도별 상수'!$T$46)+'연도별 상수'!$W$46))+('연도별 상수'!$W$46*(1-AH35)))/'연도별 상수'!$W$46,1) -> 94.9 | H35: =ROUND((((AE35-'리그 타자'!$B$46)/'연도별 상수'!$T$46)*K35/AH35)+(S35*'연도별 상수'!$AB$46-T35*'연도별 상수'!$AC$46)-((S35+T35)*('연도별 상수'!$AD$46*0.2-(1-'연도별 상수'!$AD$46)*0.4))+0.05*(S35+O35+P35),1) -> -3.7 | I35: =ROUND((0.75*AO35)+(AF35*(J35/144)),1) -> 4.5 | J35: 83 | K35: 336 | L35: 285 | M35: 43 | N35: 79 | O35: 8 | P35: 6 | Q35: 1 | R35: 27 | S35: 12 | T35: 4 | U35: 29 | V35: 5 | W35: 0 | X35: 46 | Y35: 4 | Z35: 5 | AA35: =ROUND(N35/L35,3) -> 0.277 | AB35: =ROUND((N35+U35+V35)/(L35+U35+V35+Z35),3) -> 0.349 | AC35: =ROUND(((N35-O35-P35-Q35)+2*O35+3*P35+4*Q35)/L35,3) -> 0.358 | AD35: =ROUND(AB35+AC35,3) -> 0.707 | AE35: =ROUND((('연도별 상수'!$N$46*(U35-W35))+('연도별 상수'!$O$46*V35)+('연도별 상수'!$P$46*(N35-O35-P35-Q35))+('연도별 상수'!$Q$46*O35)+('연도별 상수'!$R$46*P35)+('연도별 상수'!$S$46*Q35))/(L35+U35+V35-W35+Z35),3) -> 0.329 | AF35: ='연도별 상수'!AG$4 -> 1.22 | AG35: ='연도별 상수'!AH$4 -> 3 | AH35: ='연도별 상수'!$D$46 -> 0.943387 | AI35: 0 | AJ35: 0 | AK35: 0 | AL35: 0 | AM35: 0 | AN35: 0 | AO35: 5 | AP35: =K35 -> 336 | AQ35: 0
A36: 35 | B36: 황성빈 | C36: ='연도별 상수'!AE$8 -> CF | D36: LOT | E36: ='연도별 상수'!$A$46 -> 2026 | F36: =ROUND(((H36)+(I36)+(AG36*K36/600)+(20*K36/600))/'연도별 상수'!$U$46,2) -> 1.31 | G36: =ROUND(100*(((((AE36-'리그 타자'!$B$46)/'연도별 상수'!$T$46)+'연도별 상수'!$W$46))+('연도별 상수'!$W$46*(1-AH36)))/'연도별 상수'!$W$46,1) -> 69.1 | H36: =ROUND((((AE36-'리그 타자'!$B$46)/'연도별 상수'!$T$46)*K36/AH36)+(S36*'연도별 상수'!$AB$46-T36*'연도별 상수'!$AC$46)-((S36+T36)*('연도별 상수'!$AD$46*0.2-(1-'연도별 상수'!$AD$46)*0.4))+0.05*(S36+O36+P36),1) -> 0.1 | I36: =ROUND((0.75*AO36)+(AF36*(J36/144)),1) -> 4 | J36: 66 | K36: 263 | L36: 239 | M36: 38 | N36: 69 | O36: 6 | P36: 6 | Q36: 0 | R36: 20 | S36: 32 | T36: 6 | U36: 17 | V36: 1 | W36: 0 | X36: 42 | Y36: 1 | Z36: 2 | AA36: =ROUND(N36/L36,3) -> 0.289 | AB36: =ROUND((N36+U36+V36)/(L36+U36+V36+Z36),3) -> 0.336 | AC36: =ROUND(((N36-O36-P36-Q36)+2*O36+3*P36+4*Q36)/L36,3) -> 0.364 | AD36: =ROUND(AB36+AC36,3) -> 0.7 | AE36: =ROUND((('연도별 상수'!$N$46*(U36-W36))+('연도별 상수'!$O$46*V36)+('연도별 상수'!$P$46*(N36-O36-P36-Q36))+('연도별 상수'!$Q$46*O36)+('연도별 상수'!$R$46*P36)+('연도별 상수'!$S$46*Q36))/(L36+U36+V36-W36+Z36),3) -> 0.323 | AF36: ='연도별 상수'!AG$8 -> 2.22 | AG36: ='연도별 상수'!AH$8 -> 3 | AH36: ='연도별 상수'!$I$46 -> 1.163773 | AI36: 0 | AJ36: 0 | AK36: 0 | AL36: 0 | AM36: 0 | AN36: 0 | AO36: 4 | AP36: =K36 -> 263 | AQ36: 0
A37: 36 | B37: 심우준 | C37: ='연도별 상수'!AE$6 -> SS | D37: HAN | E37: ='연도별 상수'!$A$46 -> 2026 | F37: =ROUND(((H37)+(I37)+(AG37*K37/600)+(20*K37/600))/'연도별 상수'!$U$46,2) -> 1.3 | G37: =ROUND(100*(((((AE37-'리그 타자'!$B$46)/'연도별 상수'!$T$46)+'연도별 상수'!$W$46))+('연도별 상수'!$W$46*(1-AH37)))/'연도별 상수'!$W$46,1) -> 70.9 | H37: =ROUND((((AE37-'리그 타자'!$B$46)/'연도별 상수'!$T$46)*K37/AH37)+(S37*'연도별 상수'!$AB$46-T37*'연도별 상수'!$AC$46)-((S37+T37)*('연도별 상수'!$AD$46*0.2-(1-'연도별 상수'!$AD$46)*0.4))+0.05*(S37+O37+P37),1) -> -0.6 | I37: =ROUND((0.75*AO37)+(AF37*(J37/144)),1) -> 2.9 | J37: 74 | K37: 261 | L37: 225 | M37: 39 | N37: 60 | O37: 7 | P37: 0 | Q37: 3 | R37: 24 | S37: 15 | T37: 1 | U37: 27 | V37: 3 | W37: 0 | X37: 45 | Y37: 1 | Z37: 1 | AA37: =ROUND(N37/L37,3) -> 0.267 | AB37: =ROUND((N37+U37+V37)/(L37+U37+V37+Z37),3) -> 0.352 | AC37: =ROUND(((N37-O37-P37-Q37)+2*O37+3*P37+4*Q37)/L37,3) -> 0.338 | AD37: =ROUND(AB37+AC37,3) -> 0.69 | AE37: =ROUND((('연도별 상수'!$N$46*(U37-W37))+('연도별 상수'!$O$46*V37)+('연도별 상수'!$P$46*(N37-O37-P37-Q37))+('연도별 상수'!$Q$46*O37)+('연도별 상수'!$R$46*P37)+('연도별 상수'!$S$46*Q37))/(L37+U37+V37-W37+Z37),3) -> 0.327 | AF37: ='연도별 상수'!AG$6 -> 2.77 | AG37: ='연도별 상수'!AH$6 -> 7 | AH37: ='연도별 상수'!$F$46 -> 1.170772 | AI37: 0 | AJ37: 0 | AK37: 0 | AL37: 0 | AM37: 0 | AN37: 0 | AO37: 2 | AP37: =K37 -> 261 | AQ37: 0
A38: 37 | B38: 박건우 | C38: ='연도별 상수'!AE$9 -> RF | D38: NC | E38: ='연도별 상수'!$A$46 -> 2026 | F38: =ROUND(((H38)+(I38)+(AG38*K38/600)+(20*K38/600))/'연도별 상수'!$U$46,2) -> 1.26 | G38: =ROUND(100*(((((AE38-'리그 타자'!$B$46)/'연도별 상수'!$T$46)+'연도별 상수'!$W$46))+('연도별 상수'!$W$46*(1-AH38)))/'연도별 상수'!$W$46,1) -> 124.7 | H38: =ROUND((((AE38-'리그 타자'!$B$46)/'연도별 상수'!$T$46)*K38/AH38)+(S38*'연도별 상수'!$AB$46-T38*'연도별 상수'!$AC$46)-((S38+T38)*('연도별 상수'!$AD$46*0.2-(1-'연도별 상수'!$AD$46)*0.4))+0.05*(S38+O38+P38),1) -> 9.8 | I38: =ROUND((0.75*AO38)+(AF38*(J38/144)),1) -> -4.1 | J38: 79 | K38: 318 | L38: 268 | M38: 41 | N38: 77 | O38: 11 | P38: 0 | Q38: 15 | R38: 50 | S38: 5 | T38: 2 | U38: 40 | V38: 1 | W38: 5 | X38: 58 | Y38: 5 | Z38: 9 | AA38: =ROUND(N38/L38,3) -> 0.287 | AB38: =ROUND((N38+U38+V38)/(L38+U38+V38+Z38),3) -> 0.371 | AC38: =ROUND(((N38-O38-P38-Q38)+2*O38+3*P38+4*Q38)/L38,3) -> 0.496 | AD38: =ROUND(AB38+AC38,3) -> 0.867 | AE38: =ROUND((('연도별 상수'!$N$46*(U38-W38))+('연도별 상수'!$O$46*V38)+('연도별 상수'!$P$46*(N38-O38-P38-Q38))+('연도별 상수'!$Q$46*O38)+('연도별 상수'!$R$46*P38)+('연도별 상수'!$S$46*Q38))/(L38+U38+V38-W38+Z38),3) -> 0.381 | AF38: ='연도별 상수'!AG$9 -> -4.77 | AG38: ='연도별 상수'!AH$9 -> -5 | AH38: ='연도별 상수'!$J$46 -> 0.968492 | AI38: 0 | AJ38: 0 | AK38: 0 | AL38: 0 | AM38: 0 | AN38: 0 | AO38: -2 | AP38: =K38 -> 318 | AQ38: 0
A39: 38 | B39: 김건희 | C39: ='연도별 상수'!AE$2 -> C | D39: KIW | E39: ='연도별 상수'!$A$46 -> 2026 | F39: =ROUND(((H39)+(I39)+(AG39*K39/600)+(20*K39/600))/'연도별 상수'!$U$46,2) -> 1.22 | G39: =ROUND(100*(((((AE39-'리그 타자'!$B$46)/'연도별 상수'!$T$46)+'연도별 상수'!$W$46))+('연도별 상수'!$W$46*(1-AH39)))/'연도별 상수'!$W$46,1) -> 94.8 | H39: =ROUND((((AE39-'리그 타자'!$B$46)/'연도별 상수'!$T$46)*K39/AH39)+(S39*'연도별 상수'!$AB$46-T39*'연도별 상수'!$AC$46)-((S39+T39)*('연도별 상수'!$AD$46*0.2-(1-'연도별 상수'!$AD$46)*0.4))+0.05*(S39+O39+P39),1) -> -3.9 | I39: =ROUND((0.75*AO39)+(AF39*(J39/144)),1) -> 3.7 | J39: 80 | K39: 267 | L39: 236 | M39: 18 | N39: 61 | O39: 12 | P39: 0 | Q39: 6 | R39: 34 | S39: 0 | T39: 0 | U39: 25 | V39: 1 | W39: 1 | X39: 74 | Y39: 3 | Z39: 3 | AA39: =ROUND(N39/L39,3) -> 0.258 | AB39: =ROUND((N39+U39+V39)/(L39+U39+V39+Z39),3) -> 0.328 | AC39: =ROUND(((N39-O39-P39-Q39)+2*O39+3*P39+4*Q39)/L39,3) -> 0.386 | AD39: =ROUND(AB39+AC39,3) -> 0.714 | AE39: =ROUND((('연도별 상수'!$N$46*(U39-W39))+('연도별 상수'!$O$46*V39)+('연도별 상수'!$P$46*(N39-O39-P39-Q39))+('연도별 상수'!$Q$46*O39)+('연도별 상수'!$R$46*P39)+('연도별 상수'!$S$46*Q39))/(L39+U39+V39-W39+Z39),3) -> 0.327 | AF39: ='연도별 상수'!AG$2 -> 5.22 | AG39: ='연도별 상수'!AH$2 -> 10 | AH39: ='연도별 상수'!$C$46 -> 0.931727 | AI39: 0 | AJ39: 0 | AK39: 0 | AL39: 0 | AM39: 0 | AN39: 0 | AO39: 1 | AP39: =K39 -> 267 | AQ39: 0
A40: 39 | B40: 오지환 | C40: ='연도별 상수'!AE$6 -> SS | D40: LG | E40: ='연도별 상수'!$A$46 -> 2026 | F40: =ROUND(((H40)+(I40)+(AG40*K40/600)+(20*K40/600))/'연도별 상수'!$U$46,2) -> 1.09 | G40: =ROUND(100*(((((AE40-'리그 타자'!$B$46)/'연도별 상수'!$T$46)+'연도별 상수'!$W$46))+('연도별 상수'!$W$46*(1-AH40)))/'연도별 상수'!$W$46,1) -> 100.1 | H40: =ROUND((((AE40-'리그 타자'!$B$46)/'연도별 상수'!$T$46)*K40/AH40)+(S40*'연도별 상수'!$AB$46-T40*'연도별 상수'!$AC$46)-((S40+T40)*('연도별 상수'!$AD$46*0.2-(1-'연도별 상수'!$AD$46)*0.4))+0.05*(S40+O40+P40),1) -> -5 | I40: =ROUND((0.75*AO40)+(AF40*(J40/144)),1) -> 4.5 | J40: 78 | K40: 273 | L40: 234 | M40: 31 | N40: 59 | O40: 9 | P40: 0 | Q40: 6 | R40: 40 | S40: 3 | T40: 2 | U40: 27 | V40: 3 | W40: 0 | X40: 54 | Y40: 4 | Z40: 3 | AA40: =ROUND(N40/L40,3) -> 0.252 | AB40: =ROUND((N40+U40+V40)/(L40+U40+V40+Z40),3) -> 0.333 | AC40: =ROUND(((N40-O40-P40-Q40)+2*O40+3*P40+4*Q40)/L40,3) -> 0.368 | AD40: =ROUND(AB40+AC40,3) -> 0.701 | AE40: =ROUND((('연도별 상수'!$N$46*(U40-W40))+('연도별 상수'!$O$46*V40)+('연도별 상수'!$P$46*(N40-O40-P40-Q40))+('연도별 상수'!$Q$46*O40)+('연도별 상수'!$R$46*P40)+('연도별 상수'!$S$46*Q40))/(L40+U40+V40-W40+Z40),3) -> 0.326 | AF40: ='연도별 상수'!AG$6 -> 2.77 | AG40: ='연도별 상수'!AH$6 -> 7 | AH40: ='연도별 상수'!$B$46 -> 0.871842 | AI40: 0 | AJ40: 0 | AK40: 0 | AL40: 0 | AM40: 0 | AN40: 0 | AO40: 4 | AP40: =K40 -> 273 | AQ40: 0
A41: 40 | B41: 허경민 | C41: ='연도별 상수'!AE$5 -> 3B | D41: KT | E41: ='연도별 상수'!$A$46 -> 2026 | F41: =ROUND(((H41)+(I41)+(AG41*K41/600)+(20*K41/600))/'연도별 상수'!$U$46,2) -> 1.13 | G41: =ROUND(100*(((((AE41-'리그 타자'!$B$46)/'연도별 상수'!$T$46)+'연도별 상수'!$W$46))+('연도별 상수'!$W$46*(1-AH41)))/'연도별 상수'!$W$46,1) -> 112.1 | H41: =ROUND((((AE41-'리그 타자'!$B$46)/'연도별 상수'!$T$46)*K41/AH41)+(S41*'연도별 상수'!$AB$46-T41*'연도별 상수'!$AC$46)-((S41+T41)*('연도별 상수'!$AD$46*0.2-(1-'연도별 상수'!$AD$46)*0.4))+0.05*(S41+O41+P41),1) -> 4 | I41: =ROUND((0.75*AO41)+(AF41*(J41/144)),1) -> 2.3 | J41: 51 | K41: 187 | L41: 163 | M41: 33 | N41: 51 | O41: 8 | P41: 0 | Q41: 3 | R41: 26 | S41: 1 | T41: 2 | U41: 15 | V41: 7 | W41: 0 | X41: 17 | Y41: 7 | Z41: 1 | AA41: =ROUND(N41/L41,3) -> 0.313 | AB41: =ROUND((N41+U41+V41)/(L41+U41+V41+Z41),3) -> 0.392 | AC41: =ROUND(((N41-O41-P41-Q41)+2*O41+3*P41+4*Q41)/L41,3) -> 0.417 | AD41: =ROUND(AB41+AC41,3) -> 0.809 | AE41: =ROUND((('연도별 상수'!$N$46*(U41-W41))+('연도별 상수'!$O$46*V41)+('연도별 상수'!$P$46*(N41-O41-P41-Q41))+('연도별 상수'!$Q$46*O41)+('연도별 상수'!$R$46*P41)+('연도별 상수'!$S$46*Q41))/(L41+U41+V41-W41+Z41),3) -> 0.377 | AF41: ='연도별 상수'!AG$5 -> 0.22 | AG41: ='연도별 상수'!AH$5 -> -1 | AH41: ='연도별 상수'!$E$46 -> 1.069855 | AI41: 0 | AJ41: 0 | AK41: 0 | AL41: 0 | AM41: 0 | AN41: 0 | AO41: 3 | AP41: =K41 -> 187 | AQ41: 0
A42: 41 | B42: 김형준 | C42: ='연도별 상수'!AE$2 -> C | D42: NC | E42: ='연도별 상수'!$A$46 -> 2026 | F42: =ROUND(((H42)+(I42)+(AG42*K42/600)+(20*K42/600))/'연도별 상수'!$U$46,2) -> 1.07 | G42: =ROUND(100*(((((AE42-'리그 타자'!$B$46)/'연도별 상수'!$T$46)+'연도별 상수'!$W$46))+('연도별 상수'!$W$46*(1-AH42)))/'연도별 상수'!$W$46,1) -> 99.2 | H42: =ROUND((((AE42-'리그 타자'!$B$46)/'연도별 상수'!$T$46)*K42/AH42)+(S42*'연도별 상수'!$AB$46-T42*'연도별 상수'!$AC$46)-((S42+T42)*('연도별 상수'!$AD$46*0.2-(1-'연도별 상수'!$AD$46)*0.4))+0.05*(S42+O42+P42),1) -> -1 | I42: =ROUND((0.75*AO42)+(AF42*(J42/144)),1) -> 1.1 | J42: 73 | K42: 229 | L42: 199 | M42: 26 | N42: 49 | O42: 4 | P42: 1 | Q42: 10 | R42: 41 | S42: 0 | T42: 0 | U42: 20 | V42: 4 | W42: 0 | X42: 72 | Y42: 9 | Z42: 3 | AA42: =ROUND(N42/L42,3) -> 0.246 | AB42: =ROUND((N42+U42+V42)/(L42+U42+V42+Z42),3) -> 0.323 | AC42: =ROUND(((N42-O42-P42-Q42)+2*O42+3*P42+4*Q42)/L42,3) -> 0.427 | AD42: =ROUND(AB42+AC42,3) -> 0.75 | AE42: =ROUND((('연도별 상수'!$N$46*(U42-W42))+('연도별 상수'!$O$46*V42)+('연도별 상수'!$P$46*(N42-O42-P42-Q42))+('연도별 상수'!$Q$46*O42)+('연도별 상수'!$R$46*P42)+('연도별 상수'!$S$46*Q42))/(L42+U42+V42-W42+Z42),3) -> 0.34 | AF42: ='연도별 상수'!AG$2 -> 5.22 | AG42: ='연도별 상수'!AH$2 -> 10 | AH42: ='연도별 상수'!$J$46 -> 0.968492 | AI42: 0 | AJ42: 0 | AK42: 0 | AL42: 0 | AM42: 0 | AN42: 0 | AO42: -2 | AP42: =K42 -> 229 | AQ42: 0
A43: 42 | B43: 에레디아 | C43: ='연도별 상수'!AE$7 -> LF | D43: SSG | E43: ='연도별 상수'!$A$46 -> 2026 | F43: =ROUND(((H43)+(I43)+(AG43*K43/600)+(20*K43/600))/'연도별 상수'!$U$46,2) -> 1.06 | G43: =ROUND(100*(((((AE43-'리그 타자'!$B$46)/'연도별 상수'!$T$46)+'연도별 상수'!$W$46))+('연도별 상수'!$W$46*(1-AH43)))/'연도별 상수'!$W$46,1) -> 112.9 | H43: =ROUND((((AE43-'리그 타자'!$B$46)/'연도별 상수'!$T$46)*K43/AH43)+(S43*'연도별 상수'!$AB$46-T43*'연도별 상수'!$AC$46)-((S43+T43)*('연도별 상수'!$AD$46*0.2-(1-'연도별 상수'!$AD$46)*0.4))+0.05*(S43+O43+P43),1) -> 3.3 | I43: =ROUND((0.75*AO43)+(AF43*(J43/144)),1) -> -1 | J43: 84 | K43: 366 | L43: 333 | M43: 42 | N43: 94 | O43: 15 | P43: 0 | Q43: 15 | R43: 75 | S43: 1 | T43: 3 | U43: 22 | V43: 7 | W43: 1 | X43: 58 | Y43: 8 | Z43: 4 | AA43: =ROUND(N43/L43,3) -> 0.282 | AB43: =ROUND((N43+U43+V43)/(L43+U43+V43+Z43),3) -> 0.336 | AC43: =ROUND(((N43-O43-P43-Q43)+2*O43+3*P43+4*Q43)/L43,3) -> 0.462 | AD43: =ROUND(AB43+AC43,3) -> 0.798 | AE43: =ROUND((('연도별 상수'!$N$46*(U43-W43))+('연도별 상수'!$O$46*V43)+('연도별 상수'!$P$46*(N43-O43-P43-Q43))+('연도별 상수'!$Q$46*O43)+('연도별 상수'!$R$46*P43)+('연도별 상수'!$S$46*Q43))/(L43+U43+V43-W43+Z43),3) -> 0.358 | AF43: ='연도별 상수'!AG$7 -> -5.5 | AG43: ='연도별 상수'!AH$7 -> -5 | AH43: ='연도별 상수'!$D$46 -> 0.943387 | AI43: 0 | AJ43: 0 | AK43: 0 | AL43: 0 | AM43: 0 | AN43: 0 | AO43: 3 | AP43: =K43 -> 366 | AQ43: 1
A44: 43 | B44: 서건창 | C44: ='연도별 상수'!AE$4 -> 2B | D44: KIW | E44: ='연도별 상수'!$A$46 -> 2026 | F44: =ROUND(((H44)+(I44)+(AG44*K44/600)+(20*K44/600))/'연도별 상수'!$U$46,2) -> 1.07 | G44: =ROUND(100*(((((AE44-'리그 타자'!$B$46)/'연도별 상수'!$T$46)+'연도별 상수'!$W$46))+('연도별 상수'!$W$46*(1-AH44)))/'연도별 상수'!$W$46,1) -> 115.3 | H44: =ROUND((((AE44-'리그 타자'!$B$46)/'연도별 상수'!$T$46)*K44/AH44)+(S44*'연도별 상수'!$AB$46-T44*'연도별 상수'!$AC$46)-((S44+T44)*('연도별 상수'!$AD$46*0.2-(1-'연도별 상수'!$AD$46)*0.4))+0.05*(S44+O44+P44),1) -> 3.5 | I44: =ROUND((0.75*AO44)+(AF44*(J44/144)),1) -> -1.1 | J44: 52 | K44: 239 | L44: 201 | M44: 30 | N44: 59 | O44: 7 | P44: 3 | Q44: 1 | R44: 14 | S44: 1 | T44: 0 | U44: 26 | V44: 7 | W44: 1 | X44: 23 | Y44: 5 | Z44: 1 | AA44: =ROUND(N44/L44,3) -> 0.294 | AB44: =ROUND((N44+U44+V44)/(L44+U44+V44+Z44),3) -> 0.391 | AC44: =ROUND(((N44-O44-P44-Q44)+2*O44+3*P44+4*Q44)/L44,3) -> 0.373 | AD44: =ROUND(AB44+AC44,3) -> 0.764 | AE44: =ROUND((('연도별 상수'!$N$46*(U44-W44))+('연도별 상수'!$O$46*V44)+('연도별 상수'!$P$46*(N44-O44-P44-Q44))+('연도별 상수'!$Q$46*O44)+('연도별 상수'!$R$46*P44)+('연도별 상수'!$S$46*Q44))/(L44+U44+V44-W44+Z44),3) -> 0.36 | AF44: ='연도별 상수'!AG$4 -> 1.22 | AG44: ='연도별 상수'!AH$4 -> 3 | AH44: ='연도별 상수'!$C$46 -> 0.931727 | AI44: 0 | AJ44: 0 | AK44: 0 | AL44: 0 | AM44: 0 | AN44: 0 | AO44: -2 | AP44: =K44 -> 239 | AQ44: 0
A45: 44 | B45: 김성윤 | C45: ='연도별 상수'!AE$9 -> RF | D45: SAM | E45: ='연도별 상수'!$A$46 -> 2026 | F45: =ROUND(((H45)+(I45)+(AG45*K45/600)+(20*K45/600))/'연도별 상수'!$U$46,2) -> 1.08 | G45: =ROUND(100*(((((AE45-'리그 타자'!$B$46)/'연도별 상수'!$T$46)+'연도별 상수'!$W$46))+('연도별 상수'!$W$46*(1-AH45)))/'연도별 상수'!$W$46,1) -> 99.2 | H45: =ROUND((((AE45-'리그 타자'!$B$46)/'연도별 상수'!$T$46)*K45/AH45)+(S45*'연도별 상수'!$AB$46-T45*'연도별 상수'!$AC$46)-((S45+T45)*('연도별 상수'!$AD$46*0.2-(1-'연도별 상수'!$AD$46)*0.4))+0.05*(S45+O45+P45),1) -> 3.6 | I45: =ROUND((0.75*AO45)+(AF45*(J45/144)),1) -> 1.5 | J45: 68 | K45: 261 | L45: 226 | M45: 43 | N45: 68 | O45: 11 | P45: 2 | Q45: 2 | R45: 31 | S45: 14 | T45: 3 | U45: 24 | V45: 2 | W45: 0 | X45: 28 | Y45: 2 | Z45: 2 | AA45: =ROUND(N45/L45,3) -> 0.301 | AB45: =ROUND((N45+U45+V45)/(L45+U45+V45+Z45),3) -> 0.37 | AC45: =ROUND(((N45-O45-P45-Q45)+2*O45+3*P45+4*Q45)/L45,3) -> 0.394 | AD45: =ROUND(AB45+AC45,3) -> 0.764 | AE45: =ROUND((('연도별 상수'!$N$46*(U45-W45))+('연도별 상수'!$O$46*V45)+('연도별 상수'!$P$46*(N45-O45-P45-Q45))+('연도별 상수'!$Q$46*O45)+('연도별 상수'!$R$46*P45)+('연도별 상수'!$S$46*Q45))/(L45+U45+V45-W45+Z45),3) -> 0.354 | AF45: ='연도별 상수'!AG$9 -> -4.77 | AG45: ='연도별 상수'!AH$9 -> -5 | AH45: ='연도별 상수'!$H$46 -> 1.055356 | AI45: 0 | AJ45: 0 | AK45: 0 | AL45: 0 | AM45: 0 | AN45: 0 | AO45: 5 | AP45: =K45 -> 261 | AQ45: 0
A46: 45 | B46: 문현빈 | C46: ='연도별 상수'!AE$7 -> LF | D46: HAN | E46: ='연도별 상수'!$A$46 -> 2026 | F46: =ROUND(((H46)+(I46)+(AG46*K46/600)+(20*K46/600))/'연도별 상수'!$U$46,2) -> 0.85 | G46: =ROUND(100*(((((AE46-'리그 타자'!$B$46)/'연도별 상수'!$T$46)+'연도별 상수'!$W$46))+('연도별 상수'!$W$46*(1-AH46)))/'연도별 상수'!$W$46,1) -> 103.9 | H46: =ROUND((((AE46-'리그 타자'!$B$46)/'연도별 상수'!$T$46)*K46/AH46)+(S46*'연도별 상수'!$AB$46-T46*'연도별 상수'!$AC$46)-((S46+T46)*('연도별 상수'!$AD$46*0.2-(1-'연도별 상수'!$AD$46)*0.4))+0.05*(S46+O46+P46),1) -> 10.6 | I46: =ROUND((0.75*AO46)+(AF46*(J46/144)),1) -> -10.6 | J46: 80 | K46: 367 | L46: 319 | M46: 52 | N46: 92 | O46: 22 | P46: 4 | Q46: 9 | R46: 50 | S46: 6 | T46: 1 | U46: 40 | V46: 4 | W46: 0 | X46: 45 | Y46: 13 | Z46: 3 | AA46: =ROUND(N46/L46,3) -> 0.288 | AB46: =ROUND((N46+U46+V46)/(L46+U46+V46+Z46),3) -> 0.372 | AC46: =ROUND(((N46-O46-P46-Q46)+2*O46+3*P46+4*Q46)/L46,3) -> 0.467 | AD46: =ROUND(AB46+AC46,3) -> 0.839 | AE46: =ROUND((('연도별 상수'!$N$46*(U46-W46))+('연도별 상수'!$O$46*V46)+('연도별 상수'!$P$46*(N46-O46-P46-Q46))+('연도별 상수'!$Q$46*O46)+('연도별 상수'!$R$46*P46)+('연도별 상수'!$S$46*Q46))/(L46+U46+V46-W46+Z46),3) -> 0.38 | AF46: ='연도별 상수'!AG$7 -> -5.5 | AG46: ='연도별 상수'!AH$7 -> -5 | AH46: ='연도별 상수'!$F$46 -> 1.170772 | AI46: 0 | AJ46: 0 | AK46: 0 | AL46: 0 | AM46: 0 | AN46: 0 | AO46: -10 | AP46: =K46 -> 367 | AQ46: 0
A47: 46 | B47: 홍창기 | C47: ='연도별 상수'!AE$9 -> RF | D47: LG | E47: ='연도별 상수'!$A$46 -> 2026 | F47: =ROUND(((H47)+(I47)+(AG47*K47/600)+(20*K47/600))/'연도별 상수'!$U$46,2) -> 0.94 | G47: =ROUND(100*(((((AE47-'리그 타자'!$B$46)/'연도별 상수'!$T$46)+'연도별 상수'!$W$46))+('연도별 상수'!$W$46*(1-AH47)))/'연도별 상수'!$W$46,1) -> 115.1 | H47: =ROUND((((AE47-'리그 타자'!$B$46)/'연도별 상수'!$T$46)*K47/AH47)+(S47*'연도별 상수'!$AB$46-T47*'연도별 상수'!$AC$46)-((S47+T47)*('연도별 상수'!$AD$46*0.2-(1-'연도별 상수'!$AD$46)*0.4))+0.05*(S47+O47+P47),1) -> 1.5 | I47: =ROUND((0.75*AO47)+(AF47*(J47/144)),1) -> 0.4 | J47: 78 | K47: 329 | L47: 263 | M47: 48 | N47: 68 | O47: 11 | P47: 2 | Q47: 0 | R47: 24 | S47: 3 | T47: 2 | U47: 52 | V47: 10 | W47: 0 | X47: 74 | Y47: 9 | Z47: 2 | AA47: =ROUND(N47/L47,3) -> 0.259 | AB47: =ROUND((N47+U47+V47)/(L47+U47+V47+Z47),3) -> 0.398 | AC47: =ROUND(((N47-O47-P47-Q47)+2*O47+3*P47+4*Q47)/L47,3) -> 0.316 | AD47: =ROUND(AB47+AC47,3) -> 0.714 | AE47: =ROUND((('연도별 상수'!$N$46*(U47-W47))+('연도별 상수'!$O$46*V47)+('연도별 상수'!$P$46*(N47-O47-P47-Q47))+('연도별 상수'!$Q$46*O47)+('연도별 상수'!$R$46*P47)+('연도별 상수'!$S$46*Q47))/(L47+U47+V47-W47+Z47),3) -> 0.35 | AF47: ='연도별 상수'!AG$9 -> -4.77 | AG47: ='연도별 상수'!AH$9 -> -5 | AH47: ='연도별 상수'!$B$46 -> 0.871842 | AI47: 0 | AJ47: 0 | AK47: 0 | AL47: 0 | AM47: 0 | AN47: 0 | AO47: 4 | AP47: =K47 -> 329 | AQ47: 0
A48: 47 | B48: 강민호 | C48: ='연도별 상수'!AE$2 -> C | D48: SAM | E48: ='연도별 상수'!$A$46 -> 2026 | F48: =ROUND(((H48)+(I48)+(AG48*K48/600)+(20*K48/600))/'연도별 상수'!$U$46,2) -> 0.93 | G48: =ROUND(100*(((((AE48-'리그 타자'!$B$46)/'연도별 상수'!$T$46)+'연도별 상수'!$W$46))+('연도별 상수'!$W$46*(1-AH48)))/'연도별 상수'!$W$46,1) -> 99.9 | H48: =ROUND((((AE48-'리그 타자'!$B$46)/'연도별 상수'!$T$46)*K48/AH48)+(S48*'연도별 상수'!$AB$46-T48*'연도별 상수'!$AC$46)-((S48+T48)*('연도별 상수'!$AD$46*0.2-(1-'연도별 상수'!$AD$46)*0.4))+0.05*(S48+O48+P48),1) -> 0.9 | I48: =ROUND((0.75*AO48)+(AF48*(J48/144)),1) -> -0.8 | J48: 60 | K48: 198 | L48: 172 | M48: 15 | N48: 44 | O48: 9 | P48: 0 | Q48: 6 | R48: 35 | S48: 0 | T48: 2 | U48: 23 | V48: 3 | W48: 0 | X48: 44 | Y48: 3 | Z48: 0 | AA48: =ROUND(N48/L48,3) -> 0.256 | AB48: =ROUND((N48+U48+V48)/(L48+U48+V48+Z48),3) -> 0.354 | AC48: =ROUND(((N48-O48-P48-Q48)+2*O48+3*P48+4*Q48)/L48,3) -> 0.413 | AD48: =ROUND(AB48+AC48,3) -> 0.767 | AE48: =ROUND((('연도별 상수'!$N$46*(U48-W48))+('연도별 상수'!$O$46*V48)+('연도별 상수'!$P$46*(N48-O48-P48-Q48))+('연도별 상수'!$Q$46*O48)+('연도별 상수'!$R$46*P48)+('연도별 상수'!$S$46*Q48))/(L48+U48+V48-W48+Z48),3) -> 0.355 | AF48: ='연도별 상수'!AG$2 -> 5.22 | AG48: ='연도별 상수'!AH$2 -> 10 | AH48: ='연도별 상수'!$H$46 -> 1.055356 | AI48: 0 | AJ48: 0 | AK48: 0 | AL48: 0 | AM48: 0 | AN48: 0 | AO48: -4 | AP48: =K48 -> 198 | AQ48: 0
A49: 48 | B49: 신민재 | C49: ='연도별 상수'!AE$4 -> 2B | D49: LG | E49: ='연도별 상수'!$A$46 -> 2026 | F49: =ROUND(((H49)+(I49)+(AG49*K49/600)+(20*K49/600))/'연도별 상수'!$U$46,2) -> 0.72 | G49: =ROUND(100*(((((AE49-'리그 타자'!$B$46)/'연도별 상수'!$T$46)+'연도별 상수'!$W$46))+('연도별 상수'!$W$46*(1-AH49)))/'연도별 상수'!$W$46,1) -> 79.6 | H49: =ROUND((((AE49-'리그 타자'!$B$46)/'연도별 상수'!$T$46)*K49/AH49)+(S49*'연도별 상수'!$AB$46-T49*'연도별 상수'!$AC$46)-((S49+T49)*('연도별 상수'!$AD$46*0.2-(1-'연도별 상수'!$AD$46)*0.4))+0.05*(S49+O49+P49),1) -> -12.7 | I49: =ROUND((0.75*AO49)+(AF49*(J49/144)),1) -> 9.7 | J49: 84 | K49: 282 | L49: 242 | M49: 29 | N49: 60 | O49: 3 | P49: 0 | Q49: 0 | R49: 16 | S49: 10 | T49: 2 | U49: 31 | V49: 2 | W49: 0 | X49: 37 | Y49: 5 | Z49: 2 | AA49: =ROUND(N49/L49,3) -> 0.248 | AB49: =ROUND((N49+U49+V49)/(L49+U49+V49+Z49),3) -> 0.336 | AC49: =ROUND(((N49-O49-P49-Q49)+2*O49+3*P49+4*Q49)/L49,3) -> 0.26 | AD49: =ROUND(AB49+AC49,3) -> 0.596 | AE49: =ROUND((('연도별 상수'!$N$46*(U49-W49))+('연도별 상수'!$O$46*V49)+('연도별 상수'!$P$46*(N49-O49-P49-Q49))+('연도별 상수'!$Q$46*O49)+('연도별 상수'!$R$46*P49)+('연도별 상수'!$S$46*Q49))/(L49+U49+V49-W49+Z49),3) -> 0.293 | AF49: ='연도별 상수'!AG$4 -> 1.22 | AG49: ='연도별 상수'!AH$4 -> 3 | AH49: ='연도별 상수'!$B$46 -> 0.871842 | AI49: 0 | AJ49: 0 | AK49: 0 | AL49: 0 | AM49: 0 | AN49: 0 | AO49: 12 | AP49: =K49 -> 282 | AQ49: 0
A50: 49 | B50: 이우성 | C50: ='연도별 상수'!AE$7 -> LF | D50: NC | E50: ='연도별 상수'!$A$46 -> 2026 | F50: =ROUND(((H50)+(I50)+(AG50*K50/600)+(20*K50/600))/'연도별 상수'!$U$46,2) -> 0.72 | G50: =ROUND(100*(((((AE50-'리그 타자'!$B$46)/'연도별 상수'!$T$46)+'연도별 상수'!$W$46))+('연도별 상수'!$W$46*(1-AH50)))/'연도별 상수'!$W$46,1) -> 121 | H50: =ROUND((((AE50-'리그 타자'!$B$46)/'연도별 상수'!$T$46)*K50/AH50)+(S50*'연도별 상수'!$AB$46-T50*'연도별 상수'!$AC$46)-((S50+T50)*('연도별 상수'!$AD$46*0.2-(1-'연도별 상수'!$AD$46)*0.4))+0.05*(S50+O50+P50),1) -> 8.4 | I50: =ROUND((0.75*AO50)+(AF50*(J50/144)),1) -> -8.2 | J50: 78 | K50: 304 | L50: 283 | M50: 32 | N50: 94 | O50: 15 | P50: 0 | Q50: 6 | R50: 35 | S50: 4 | T50: 1 | U50: 18 | V50: 1 | W50: 0 | X50: 44 | Y50: 10 | Z50: 1 | AA50: =ROUND(N50/L50,3) -> 0.332 | AB50: =ROUND((N50+U50+V50)/(L50+U50+V50+Z50),3) -> 0.373 | AC50: =ROUND(((N50-O50-P50-Q50)+2*O50+3*P50+4*Q50)/L50,3) -> 0.449 | AD50: =ROUND(AB50+AC50,3) -> 0.822 | AE50: =ROUND((('연도별 상수'!$N$46*(U50-W50))+('연도별 상수'!$O$46*V50)+('연도별 상수'!$P$46*(N50-O50-P50-Q50))+('연도별 상수'!$Q$46*O50)+('연도별 상수'!$R$46*P50)+('연도별 상수'!$S$46*Q50))/(L50+U50+V50-W50+Z50),3) -> 0.375 | AF50: ='연도별 상수'!AG$7 -> -5.5 | AG50: ='연도별 상수'!AH$7 -> -5 | AH50: ='연도별 상수'!$J$46 -> 0.968492 | AI50: 0 | AJ50: 0 | AK50: 0 | AL50: 0 | AM50: 0 | AN50: 0 | AO50: -7 | AP50: =K50 -> 304 | AQ50: 0
A51: 50 | B51: 안재석 | C51: ='연도별 상수'!AE$5 -> 3B | D51: DOO | E51: ='연도별 상수'!$A$46 -> 2026 | F51: =ROUND(((H51)+(I51)+(AG51*K51/600)+(20*K51/600))/'연도별 상수'!$U$46,2) -> 0.64 | G51: =ROUND(100*(((((AE51-'리그 타자'!$B$46)/'연도별 상수'!$T$46)+'연도별 상수'!$W$46))+('연도별 상수'!$W$46*(1-AH51)))/'연도별 상수'!$W$46,1) -> 101.4 | H51: =ROUND((((AE51-'리그 타자'!$B$46)/'연도별 상수'!$T$46)*K51/AH51)+(S51*'연도별 상수'!$AB$46-T51*'연도별 상수'!$AC$46)-((S51+T51)*('연도별 상수'!$AD$46*0.2-(1-'연도별 상수'!$AD$46)*0.4))+0.05*(S51+O51+P51),1) -> -2.2 | I51: =ROUND((0.75*AO51)+(AF51*(J51/144)),1) -> 2.3 | J51: 55 | K51: 216 | L51: 195 | M51: 24 | N51: 50 | O51: 12 | P51: 2 | Q51: 4 | R51: 27 | S51: 4 | T51: 0 | U51: 16 | V51: 3 | W51: 0 | X51: 39 | Y51: 3 | Z51: 2 | AA51: =ROUND(N51/L51,3) -> 0.256 | AB51: =ROUND((N51+U51+V51)/(L51+U51+V51+Z51),3) -> 0.319 | AC51: =ROUND(((N51-O51-P51-Q51)+2*O51+3*P51+4*Q51)/L51,3) -> 0.4 | AD51: =ROUND(AB51+AC51,3) -> 0.719 | AE51: =ROUND((('연도별 상수'!$N$46*(U51-W51))+('연도별 상수'!$O$46*V51)+('연도별 상수'!$P$46*(N51-O51-P51-Q51))+('연도별 상수'!$Q$46*O51)+('연도별 상수'!$R$46*P51)+('연도별 상수'!$S$46*Q51))/(L51+U51+V51-W51+Z51),3) -> 0.328 | AF51: ='연도별 상수'!AG$5 -> 0.22 | AG51: ='연도별 상수'!AH$5 -> -1 | AH51: ='연도별 상수'!$B$46 -> 0.871842 | AI51: 0 | AJ51: 0 | AK51: 0 | AL51: 0 | AM51: 0 | AN51: 0 | AO51: 3 | AP51: =K51 -> 216 | AQ51: 0
A52: 51 | B52: 김태연 | C52: ='연도별 상수'!AE$3 -> 1B | D52: HAN | E52: ='연도별 상수'!$A$46 -> 2026 | F52: =ROUND(((H52)+(I52)+(AG52*K52/600)+(20*K52/600))/'연도별 상수'!$U$46,2) -> 0.56 | G52: =ROUND(100*(((((AE52-'리그 타자'!$B$46)/'연도별 상수'!$T$46)+'연도별 상수'!$W$46))+('연도별 상수'!$W$46*(1-AH52)))/'연도별 상수'!$W$46,1) -> 100.8 | H52: =ROUND((((AE52-'리그 타자'!$B$46)/'연도별 상수'!$T$46)*K52/AH52)+(S52*'연도별 상수'!$AB$46-T52*'연도별 상수'!$AC$46)-((S52+T52)*('연도별 상수'!$AD$46*0.2-(1-'연도별 상수'!$AD$46)*0.4))+0.05*(S52+O52+P52),1) -> 5.5 | I52: =ROUND((0.75*AO52)+(AF52*(J52/144)),1) -> -4.4 | J52: 72 | K52: 250 | L52: 210 | M52: 34 | N52: 63 | O52: 11 | P52: 2 | Q52: 5 | R52: 18 | S52: 2 | T52: 1 | U52: 21 | V52: 5 | W52: 0 | X52: 43 | Y52: 3 | Z52: 1 | AA52: =ROUND(N52/L52,3) -> 0.3 | AB52: =ROUND((N52+U52+V52)/(L52+U52+V52+Z52),3) -> 0.376 | AC52: =ROUND(((N52-O52-P52-Q52)+2*O52+3*P52+4*Q52)/L52,3) -> 0.443 | AD52: =ROUND(AB52+AC52,3) -> 0.819 | AE52: =ROUND((('연도별 상수'!$N$46*(U52-W52))+('연도별 상수'!$O$46*V52)+('연도별 상수'!$P$46*(N52-O52-P52-Q52))+('연도별 상수'!$Q$46*O52)+('연도별 상수'!$R$46*P52)+('연도별 상수'!$S$46*Q52))/(L52+U52+V52-W52+Z52),3) -> 0.375 | AF52: ='연도별 상수'!AG$3 -> -10.22 | AG52: ='연도별 상수'!AH$3 -> -8 | AH52: ='연도별 상수'!$F$46 -> 1.170772 | AI52: 0 | AJ52: 0 | AK52: 0 | AL52: 0 | AM52: 0 | AN52: 0 | AO52: 1 | AP52: =K52 -> 250 | AQ52: 0
A53: 52 | B53: 김민석 | C53: ='연도별 상수'!AE$7 -> LF | D53: DOO | E53: ='연도별 상수'!$A$46 -> 2026 | F53: =ROUND(((H53)+(I53)+(AG53*K53/600)+(20*K53/600))/'연도별 상수'!$U$46,2) -> 0.62 | G53: =ROUND(100*(((((AE53-'리그 타자'!$B$46)/'연도별 상수'!$T$46)+'연도별 상수'!$W$46))+('연도별 상수'!$W$46*(1-AH53)))/'연도별 상수'!$W$46,1) -> 129.4 | H53: =ROUND((((AE53-'리그 타자'!$B$46)/'연도별 상수'!$T$46)*K53/AH53)+(S53*'연도별 상수'!$AB$46-T53*'연도별 상수'!$AC$46)-((S53+T53)*('연도별 상수'!$AD$46*0.2-(1-'연도별 상수'!$AD$46)*0.4))+0.05*(S53+O53+P53),1) -> 8.4 | I53: =ROUND((0.75*AO53)+(AF53*(J53/144)),1) -> -9 | J53: 79 | K53: 290 | L53: 255 | M53: 37 | N53: 78 | O53: 14 | P53: 2 | Q53: 4 | R53: 32 | S53: 2 | T53: 0 | U53: 31 | V53: 2 | W53: 0 | X53: 51 | Y53: 1 | Z53: 1 | AA53: =ROUND(N53/L53,3) -> 0.306 | AB53: =ROUND((N53+U53+V53)/(L53+U53+V53+Z53),3) -> 0.384 | AC53: =ROUND(((N53-O53-P53-Q53)+2*O53+3*P53+4*Q53)/L53,3) -> 0.424 | AD53: =ROUND(AB53+AC53,3) -> 0.808 | AE53: =ROUND((('연도별 상수'!$N$46*(U53-W53))+('연도별 상수'!$O$46*V53)+('연도별 상수'!$P$46*(N53-O53-P53-Q53))+('연도별 상수'!$Q$46*O53)+('연도별 상수'!$R$46*P53)+('연도별 상수'!$S$46*Q53))/(L53+U53+V53-W53+Z53),3) -> 0.373 | AF53: ='연도별 상수'!AG$7 -> -5.5 | AG53: ='연도별 상수'!AH$7 -> -5 | AH53: ='연도별 상수'!$B$46 -> 0.871842 | AI53: 0 | AJ53: 0 | AK53: 0 | AL53: 0 | AM53: 0 | AN53: 0 | AO53: -8 | AP53: =K53 -> 290 | AQ53: 0
A54: 53 | B54: 데이비슨 | C54: ='연도별 상수'!AE$3 -> 1B | D54: KIW | E54: ='연도별 상수'!$A$46 -> 2026 | F54: =ROUND(((H54)+(I54)+(AG54*K54/600)+(20*K54/600))/'연도별 상수'!$U$46,2) -> 0.5 | G54: =ROUND(100*(((((AE54-'리그 타자'!$B$46)/'연도별 상수'!$T$46)+'연도별 상수'!$W$46))+('연도별 상수'!$W$46*(1-AH54)))/'연도별 상수'!$W$46,1) -> 121.6 | H54: =ROUND((((AE54-'리그 타자'!$B$46)/'연도별 상수'!$T$46)*K54/AH54)+(S54*'연도별 상수'!$AB$46-T54*'연도별 상수'!$AC$46)-((S54+T54)*('연도별 상수'!$AD$46*0.2-(1-'연도별 상수'!$AD$46)*0.4))+0.05*(S54+O54+P54),1) -> 7 | I54: =ROUND((0.75*AO54)+(AF54*(J54/144)),1) -> -7 | J54: 67 | K54: 270 | L54: 236 | M54: 24 | N54: 67 | O54: 12 | P54: 1 | Q54: 8 | R54: 40 | S54: 1 | T54: 0 | U54: 14 | V54: 18 | W54: 0 | X54: 63 | Y54: 5 | Z54: 2 | AA54: =ROUND(N54/L54,3) -> 0.284 | AB54: =ROUND((N54+U54+V54)/(L54+U54+V54+Z54),3) -> 0.367 | AC54: =ROUND(((N54-O54-P54-Q54)+2*O54+3*P54+4*Q54)/L54,3) -> 0.445 | AD54: =ROUND(AB54+AC54,3) -> 0.812 | AE54: =ROUND((('연도별 상수'!$N$46*(U54-W54))+('연도별 상수'!$O$46*V54)+('연도별 상수'!$P$46*(N54-O54-P54-Q54))+('연도별 상수'!$Q$46*O54)+('연도별 상수'!$R$46*P54)+('연도별 상수'!$S$46*Q54))/(L54+U54+V54-W54+Z54),3) -> 0.373 | AF54: ='연도별 상수'!AG$3 -> -10.22 | AG54: ='연도별 상수'!AH$3 -> -8 | AH54: ='연도별 상수'!$C$46/2+'연도별 상수'!$J$46/2 -> 0.9501095 | AI54: 0 | AJ54: 0 | AK54: 0 | AL54: 0 | AM54: 0 | AN54: 0 | AO54: -3 | AP54: =K54 -> 270 | AQ54: 1
A55: 54 | B55: 고승민 | C55: ='연도별 상수'!AE$4 -> 2B | D55: LOT | E55: ='연도별 상수'!$A$46 -> 2026 | F55: =ROUND(((H55)+(I55)+(AG55*K55/600)+(20*K55/600))/'연도별 상수'!$U$46,2) -> 0.46 | G55: =ROUND(100*(((((AE55-'리그 타자'!$B$46)/'연도별 상수'!$T$46)+'연도별 상수'!$W$46))+('연도별 상수'!$W$46*(1-AH55)))/'연도별 상수'!$W$46,1) -> 74.1 | H55: =ROUND((((AE55-'리그 타자'!$B$46)/'연도별 상수'!$T$46)*K55/AH55)+(S55*'연도별 상수'!$AB$46-T55*'연도별 상수'!$AC$46)-((S55+T55)*('연도별 상수'!$AD$46*0.2-(1-'연도별 상수'!$AD$46)*0.4))+0.05*(S55+O55+P55),1) -> -2.5 | I55: =ROUND((0.75*AO55)+(AF55*(J55/144)),1) -> -1.8 | J55: 55 | K55: 243 | L55: 222 | M55: 35 | N55: 60 | O55: 9 | P55: 2 | Q55: 6 | R55: 33 | S55: 0 | T55: 1 | U55: 18 | V55: 0 | W55: 1 | X55: 44 | Y55: 0 | Z55: 2 | AA55: =ROUND(N55/L55,3) -> 0.27 | AB55: =ROUND((N55+U55+V55)/(L55+U55+V55+Z55),3) -> 0.322 | AC55: =ROUND(((N55-O55-P55-Q55)+2*O55+3*P55+4*Q55)/L55,3) -> 0.41 | AD55: =ROUND(AB55+AC55,3) -> 0.732 | AE55: =ROUND((('연도별 상수'!$N$46*(U55-W55))+('연도별 상수'!$O$46*V55)+('연도별 상수'!$P$46*(N55-O55-P55-Q55))+('연도별 상수'!$Q$46*O55)+('연도별 상수'!$R$46*P55)+('연도별 상수'!$S$46*Q55))/(L55+U55+V55-W55+Z55),3) -> 0.331 | AF55: ='연도별 상수'!AG$4 -> 1.22 | AG55: ='연도별 상수'!AH$4 -> 3 | AH55: ='연도별 상수'!$I$46 -> 1.163773 | AI55: 0 | AJ55: 0 | AK55: 0 | AL55: 0 | AM55: 0 | AN55: 0 | AO55: -3 | AP55: =K55 -> 243 | AQ55: 0
A56: 55 | B56: 전병우 | C56: ='연도별 상수'!AE$5 -> 3B | D56: SAM | E56: ='연도별 상수'!$A$46 -> 2026 | F56: =ROUND(((H56)+(I56)+(AG56*K56/600)+(20*K56/600))/'연도별 상수'!$U$46,2) -> 0.36 | G56: =ROUND(100*(((((AE56-'리그 타자'!$B$46)/'연도별 상수'!$T$46)+'연도별 상수'!$W$46))+('연도별 상수'!$W$46*(1-AH56)))/'연도별 상수'!$W$46,1) -> 83 | H56: =ROUND((((AE56-'리그 타자'!$B$46)/'연도별 상수'!$T$46)*K56/AH56)+(S56*'연도별 상수'!$AB$46-T56*'연도별 상수'!$AC$46)-((S56+T56)*('연도별 상수'!$AD$46*0.2-(1-'연도별 상수'!$AD$46)*0.4))+0.05*(S56+O56+P56),1) -> -3.8 | I56: =ROUND((0.75*AO56)+(AF56*(J56/144)),1) -> -1.4 | J56: 76 | K56: 286 | L56: 236 | M56: 37 | N56: 52 | O56: 14 | P56: 0 | Q56: 5 | R56: 32 | S56: 2 | T56: 2 | U56: 31 | V56: 16 | W56: 1 | X56: 77 | Y56: 8 | Z56: 3 | AA56: =ROUND(N56/L56,3) -> 0.22 | AB56: =ROUND((N56+U56+V56)/(L56+U56+V56+Z56),3) -> 0.346 | AC56: =ROUND(((N56-O56-P56-Q56)+2*O56+3*P56+4*Q56)/L56,3) -> 0.343 | AD56: =ROUND(AB56+AC56,3) -> 0.689 | AE56: =ROUND((('연도별 상수'!$N$46*(U56-W56))+('연도별 상수'!$O$46*V56)+('연도별 상수'!$P$46*(N56-O56-P56-Q56))+('연도별 상수'!$Q$46*O56)+('연도별 상수'!$R$46*P56)+('연도별 상수'!$S$46*Q56))/(L56+U56+V56-W56+Z56),3) -> 0.328 | AF56: ='연도별 상수'!AG$5 -> 0.22 | AG56: ='연도별 상수'!AH$5 -> -1 | AH56: ='연도별 상수'!$H$46 -> 1.055356 | AI56: 0 | AJ56: 0 | AK56: 0 | AL56: 0 | AM56: 0 | AN56: 0 | AO56: -2 | AP56: =K56 -> 286 | AQ56: 0
A57: 56 | B57: 문성주 | C57: ='연도별 상수'!AE$7 -> LF | D57: LG | E57: ='연도별 상수'!$A$46 -> 2026 | F57: =ROUND(((H57)+(I57)+(AG57*K57/600)+(20*K57/600))/'연도별 상수'!$U$46,2) -> 0.34 | G57: =ROUND(100*(((((AE57-'리그 타자'!$B$46)/'연도별 상수'!$T$46)+'연도별 상수'!$W$46))+('연도별 상수'!$W$46*(1-AH57)))/'연도별 상수'!$W$46,1) -> 104.5 | H57: =ROUND((((AE57-'리그 타자'!$B$46)/'연도별 상수'!$T$46)*K57/AH57)+(S57*'연도별 상수'!$AB$46-T57*'연도별 상수'!$AC$46)-((S57+T57)*('연도별 상수'!$AD$46*0.2-(1-'연도별 상수'!$AD$46)*0.4))+0.05*(S57+O57+P57),1) -> -2 | I57: =ROUND((0.75*AO57)+(AF57*(J57/144)),1) -> 0.9 | J57: 54 | K57: 191 | L57: 169 | M57: 13 | N57: 50 | O57: 8 | P57: 0 | Q57: 1 | R57: 19 | S57: 2 | T57: 1 | U57: 16 | V57: 2 | W57: 2 | X57: 24 | Y57: 4 | Z57: 2 | AA57: =ROUND(N57/L57,3) -> 0.296 | AB57: =ROUND((N57+U57+V57)/(L57+U57+V57+Z57),3) -> 0.36 | AC57: =ROUND(((N57-O57-P57-Q57)+2*O57+3*P57+4*Q57)/L57,3) -> 0.361 | AD57: =ROUND(AB57+AC57,3) -> 0.721 | AE57: =ROUND((('연도별 상수'!$N$46*(U57-W57))+('연도별 상수'!$O$46*V57)+('연도별 상수'!$P$46*(N57-O57-P57-Q57))+('연도별 상수'!$Q$46*O57)+('연도별 상수'!$R$46*P57)+('연도별 상수'!$S$46*Q57))/(L57+U57+V57-W57+Z57),3) -> 0.333 | AF57: ='연도별 상수'!AG$7 -> -5.5 | AG57: ='연도별 상수'!AH$7 -> -5 | AH57: ='연도별 상수'!$B$46 -> 0.871842 | AI57: 0 | AJ57: 0 | AK57: 0 | AL57: 0 | AM57: 0 | AN57: 0 | AO57: 4 | AP57: =K57 -> 191 | AQ57: 0
A58: 57 | B58: 박재현 | C58: ='연도별 상수'!AE$7 -> LF | D58: KIA | E58: ='연도별 상수'!$A$46 -> 2026 | F58: =ROUND(((H58)+(I58)+(AG58*K58/600)+(20*K58/600))/'연도별 상수'!$U$46,2) -> 0.27 | G58: =ROUND(100*(((((AE58-'리그 타자'!$B$46)/'연도별 상수'!$T$46)+'연도별 상수'!$W$46))+('연도별 상수'!$W$46*(1-AH58)))/'연도별 상수'!$W$46,1) -> 102.9 | H58: =ROUND((((AE58-'리그 타자'!$B$46)/'연도별 상수'!$T$46)*K58/AH58)+(S58*'연도별 상수'!$AB$46-T58*'연도별 상수'!$AC$46)-((S58+T58)*('연도별 상수'!$AD$46*0.2-(1-'연도별 상수'!$AD$46)*0.4))+0.05*(S58+O58+P58),1) -> 0.1 | I58: =ROUND((0.75*AO58)+(AF58*(J58/144)),1) -> -5.4 | J58: 82 | K58: 330 | L58: 304 | M58: 44 | N58: 86 | O58: 11 | P58: 3 | Q58: 8 | R58: 39 | S58: 16 | T58: 3 | U58: 19 | V58: 0 | W58: 0 | X58: 62 | Y58: 2 | Z58: 0 | AA58: =ROUND(N58/L58,3) -> 0.283 | AB58: =ROUND((N58+U58+V58)/(L58+U58+V58+Z58),3) -> 0.325 | AC58: =ROUND(((N58-O58-P58-Q58)+2*O58+3*P58+4*Q58)/L58,3) -> 0.418 | AD58: =ROUND(AB58+AC58,3) -> 0.743 | AE58: =ROUND((('연도별 상수'!$N$46*(U58-W58))+('연도별 상수'!$O$46*V58)+('연도별 상수'!$P$46*(N58-O58-P58-Q58))+('연도별 상수'!$Q$46*O58)+('연도별 상수'!$R$46*P58)+('연도별 상수'!$S$46*Q58))/(L58+U58+V58-W58+Z58),3) -> 0.338 | AF58: ='연도별 상수'!AG$7 -> -5.5 | AG58: ='연도별 상수'!AH$7 -> -5 | AH58: ='연도별 상수'!$G$46 -> 0.919389 | AI58: 0 | AJ58: 0 | AK58: 0 | AL58: 0 | AM58: 0 | AN58: 0 | AO58: -3 | AP58: =K58 -> 330 | AQ58: 0
A59: 58 | B59: 손성빈 | C59: ='연도별 상수'!AE$2 -> C | D59: LOT | E59: ='연도별 상수'!$A$46 -> 2026 | F59: =ROUND(((H59)+(I59)+(AG59*K59/600)+(20*K59/600))/'연도별 상수'!$U$46,2) -> 0.39 | G59: =ROUND(100*(((((AE59-'리그 타자'!$B$46)/'연도별 상수'!$T$46)+'연도별 상수'!$W$46))+('연도별 상수'!$W$46*(1-AH59)))/'연도별 상수'!$W$46,1) -> 51.6 | H59: =ROUND((((AE59-'리그 타자'!$B$46)/'연도별 상수'!$T$46)*K59/AH59)+(S59*'연도별 상수'!$AB$46-T59*'연도별 상수'!$AC$46)-((S59+T59)*('연도별 상수'!$AD$46*0.2-(1-'연도별 상수'!$AD$46)*0.4))+0.05*(S59+O59+P59),1) -> -6.9 | I59: =ROUND((0.75*AO59)+(AF59*(J59/144)),1) -> 0.6 | J59: 79 | K59: 210 | L59: 186 | M59: 21 | N59: 44 | O59: 11 | P59: 0 | Q59: 2 | R59: 17 | S59: 0 | T59: 0 | U59: 15 | V59: 3 | W59: 0 | X59: 37 | Y59: 2 | Z59: 1 | AA59: =ROUND(N59/L59,3) -> 0.237 | AB59: =ROUND((N59+U59+V59)/(L59+U59+V59+Z59),3) -> 0.302 | AC59: =ROUND(((N59-O59-P59-Q59)+2*O59+3*P59+4*Q59)/L59,3) -> 0.328 | AD59: =ROUND(AB59+AC59,3) -> 0.63 | AE59: =ROUND((('연도별 상수'!$N$46*(U59-W59))+('연도별 상수'!$O$46*V59)+('연도별 상수'!$P$46*(N59-O59-P59-Q59))+('연도별 상수'!$Q$46*O59)+('연도별 상수'!$R$46*P59)+('연도별 상수'!$S$46*Q59))/(L59+U59+V59-W59+Z59),3) -> 0.295 | AF59: ='연도별 상수'!AG$2 -> 5.22 | AG59: ='연도별 상수'!AH$2 -> 10 | AH59: ='연도별 상수'!$I$46 -> 1.163773 | AI59: 0 | AJ59: 0 | AK59: 0 | AL59: 0 | AM59: 0 | AN59: 0 | AO59: -3 | AP59: =K59 -> 210 | AQ59: 0
A60: 59 | B60: 한동희 | C60: ='연도별 상수'!AE$5 -> 3B | D60: LOT | E60: ='연도별 상수'!$A$46 -> 2026 | F60: =ROUND(((H60)+(I60)+(AG60*K60/600)+(20*K60/600))/'연도별 상수'!$U$46,2) -> 0.31 | G60: =ROUND(100*(((((AE60-'리그 타자'!$B$46)/'연도별 상수'!$T$46)+'연도별 상수'!$W$46))+('연도별 상수'!$W$46*(1-AH60)))/'연도별 상수'!$W$46,1) -> 86.5 | H60: =ROUND((((AE60-'리그 타자'!$B$46)/'연도별 상수'!$T$46)*K60/AH60)+(S60*'연도별 상수'!$AB$46-T60*'연도별 상수'!$AC$46)-((S60+T60)*('연도별 상수'!$AD$46*0.2-(1-'연도별 상수'!$AD$46)*0.4))+0.05*(S60+O60+P60),1) -> 1.3 | I60: =ROUND((0.75*AO60)+(AF60*(J60/144)),1) -> -4.4 | J60: 50 | K60: 204 | L60: 182 | M60: 24 | N60: 51 | O60: 8 | P60: 0 | Q60: 7 | R60: 24 | S60: 1 | T60: 0 | U60: 16 | V60: 3 | W60: 2 | X60: 35 | Y60: 10 | Z60: 3 | AA60: =ROUND(N60/L60,3) -> 0.28 | AB60: =ROUND((N60+U60+V60)/(L60+U60+V60+Z60),3) -> 0.343 | AC60: =ROUND(((N60-O60-P60-Q60)+2*O60+3*P60+4*Q60)/L60,3) -> 0.44 | AD60: =ROUND(AB60+AC60,3) -> 0.783 | AE60: =ROUND((('연도별 상수'!$N$46*(U60-W60))+('연도별 상수'!$O$46*V60)+('연도별 상수'!$P$46*(N60-O60-P60-Q60))+('연도별 상수'!$Q$46*O60)+('연도별 상수'!$R$46*P60)+('연도별 상수'!$S$46*Q60))/(L60+U60+V60-W60+Z60),3) -> 0.351 | AF60: ='연도별 상수'!AG$5 -> 0.22 | AG60: ='연도별 상수'!AH$5 -> -1 | AH60: ='연도별 상수'!$I$46 -> 1.163773 | AI60: 0 | AJ60: 0 | AK60: 0 | AL60: 0 | AM60: 0 | AN60: 0 | AO60: -6 | AP60: =K60 -> 204 | AQ60: 0
A61: 60 | B61: 한승택 | C61: ='연도별 상수'!AE$2 -> C | D61: KT | E61: ='연도별 상수'!$A$46 -> 2026 | F61: =ROUND(((H61)+(I61)+(AG61*K61/600)+(20*K61/600))/'연도별 상수'!$U$46,2) -> 0.25 | G61: =ROUND(100*(((((AE61-'리그 타자'!$B$46)/'연도별 상수'!$T$46)+'연도별 상수'!$W$46))+('연도별 상수'!$W$46*(1-AH61)))/'연도별 상수'!$W$46,1) -> 51.1 | H61: =ROUND((((AE61-'리그 타자'!$B$46)/'연도별 상수'!$T$46)*K61/AH61)+(S61*'연도별 상수'!$AB$46-T61*'연도별 상수'!$AC$46)-((S61+T61)*('연도별 상수'!$AD$46*0.2-(1-'연도별 상수'!$AD$46)*0.4))+0.05*(S61+O61+P61),1) -> -9.7 | I61: =ROUND((0.75*AO61)+(AF61*(J61/144)),1) -> 2.5 | J61: 70 | K61: 197 | L61: 162 | M61: 20 | N61: 35 | O61: 7 | P61: 0 | Q61: 1 | R61: 17 | S61: 0 | T61: 0 | U61: 19 | V61: 2 | W61: 0 | X61: 45 | Y61: 1 | Z61: 2 | AA61: =ROUND(N61/L61,3) -> 0.216 | AB61: =ROUND((N61+U61+V61)/(L61+U61+V61+Z61),3) -> 0.303 | AC61: =ROUND(((N61-O61-P61-Q61)+2*O61+3*P61+4*Q61)/L61,3) -> 0.278 | AD61: =ROUND(AB61+AC61,3) -> 0.581 | AE61: =ROUND((('연도별 상수'!$N$46*(U61-W61))+('연도별 상수'!$O$46*V61)+('연도별 상수'!$P$46*(N61-O61-P61-Q61))+('연도별 상수'!$Q$46*O61)+('연도별 상수'!$R$46*P61)+('연도별 상수'!$S$46*Q61))/(L61+U61+V61-W61+Z61),3) -> 0.279 | AF61: ='연도별 상수'!AG$2 -> 5.22 | AG61: ='연도별 상수'!AH$2 -> 10 | AH61: ='연도별 상수'!$E$46 -> 1.069855 | AI61: 0 | AJ61: 0 | AK61: 0 | AL61: 0 | AM61: 0 | AN61: 0 | AO61: 0 | AP61: =K61 -> 197 | AQ61: 0
A62: 61 | B62: 조형우 | C62: ='연도별 상수'!AE$2 -> C | D62: SSG | E62: ='연도별 상수'!$A$46 -> 2026 | F62: =ROUND(((H62)+(I62)+(AG62*K62/600)+(20*K62/600))/'연도별 상수'!$U$46,2) -> 0.12 | G62: =ROUND(100*(((((AE62-'리그 타자'!$B$46)/'연도별 상수'!$T$46)+'연도별 상수'!$W$46))+('연도별 상수'!$W$46*(1-AH62)))/'연도별 상수'!$W$46,1) -> 64.3 | H62: =ROUND((((AE62-'리그 타자'!$B$46)/'연도별 상수'!$T$46)*K62/AH62)+(S62*'연도별 상수'!$AB$46-T62*'연도별 상수'!$AC$46)-((S62+T62)*('연도별 상수'!$AD$46*0.2-(1-'연도별 상수'!$AD$46)*0.4))+0.05*(S62+O62+P62),1) -> -11.4 | I62: =ROUND((0.75*AO62)+(AF62*(J62/144)),1) -> 2.2 | J62: 61 | K62: 211 | L62: 188 | M62: 22 | N62: 42 | O62: 11 | P62: 0 | Q62: 3 | R62: 20 | S62: 0 | T62: 0 | U62: 12 | V62: 3 | W62: 0 | X62: 40 | Y62: 5 | Z62: 3 | AA62: =ROUND(N62/L62,3) -> 0.223 | AB62: =ROUND((N62+U62+V62)/(L62+U62+V62+Z62),3) -> 0.277 | AC62: =ROUND(((N62-O62-P62-Q62)+2*O62+3*P62+4*Q62)/L62,3) -> 0.33 | AD62: =ROUND(AB62+AC62,3) -> 0.607 | AE62: =ROUND((('연도별 상수'!$N$46*(U62-W62))+('연도별 상수'!$O$46*V62)+('연도별 상수'!$P$46*(N62-O62-P62-Q62))+('연도별 상수'!$Q$46*O62)+('연도별 상수'!$R$46*P62)+('연도별 상수'!$S$46*Q62))/(L62+U62+V62-W62+Z62),3) -> 0.28 | AF62: ='연도별 상수'!AG$2 -> 5.22 | AG62: ='연도별 상수'!AH$2 -> 10 | AH62: ='연도별 상수'!$D$46 -> 0.943387 | AI62: 0 | AJ62: 0 | AK62: 0 | AL62: 0 | AM62: 0 | AN62: 0 | AO62: 0 | AP62: =K62 -> 211 | AQ62: 0
A63: 62 | B63: 문보경 | C63: ='연도별 상수'!AE$10 -> DH | D63: LG | E63: ='연도별 상수'!$A$46 -> 2026 | F63: =ROUND(((H63)+(I63)+(AG63*K63/600)+(20*K63/600))/'연도별 상수'!$U$46,2) -> 0.1 | G63: =ROUND(100*(((((AE63-'리그 타자'!$B$46)/'연도별 상수'!$T$46)+'연도별 상수'!$W$46))+('연도별 상수'!$W$46*(1-AH63)))/'연도별 상수'!$W$46,1) -> 114.5 | H63: =ROUND((((AE63-'리그 타자'!$B$46)/'연도별 상수'!$T$46)*K63/AH63)+(S63*'연도별 상수'!$AB$46-T63*'연도별 상수'!$AC$46)-((S63+T63)*('연도별 상수'!$AD$46*0.2-(1-'연도별 상수'!$AD$46)*0.4))+0.05*(S63+O63+P63),1) -> 0.9 | I63: =ROUND((0.75*AO63)+(AF63*(J63/144)),1) -> -3.6 | J63: 59 | K63: 246 | L63: 201 | M63: 24 | N63: 51 | O63: 6 | P63: 0 | Q63: 7 | R63: 39 | S63: 0 | T63: 0 | U63: 39 | V63: 1 | W63: 3 | X63: 46 | Y63: 7 | Z63: 5 | AA63: =ROUND(N63/L63,3) -> 0.254 | AB63: =ROUND((N63+U63+V63)/(L63+U63+V63+Z63),3) -> 0.37 | AC63: =ROUND(((N63-O63-P63-Q63)+2*O63+3*P63+4*Q63)/L63,3) -> 0.388 | AD63: =ROUND(AB63+AC63,3) -> 0.758 | AE63: =ROUND((('연도별 상수'!$N$46*(U63-W63))+('연도별 상수'!$O$46*V63)+('연도별 상수'!$P$46*(N63-O63-P63-Q63))+('연도별 상수'!$Q$46*O63)+('연도별 상수'!$R$46*P63)+('연도별 상수'!$S$46*Q63))/(L63+U63+V63-W63+Z63),3) -> 0.349 | AF63: =(('연도별 상수'!AG$10*(J63-4-16))+'연도별 상수'!AG$3*4+'연도별 상수'!AG$5*16)/J63 -> -8.8959322 | AG63: =(('연도별 상수'!AH$10*(J63-4-16))+'연도별 상수'!AH$3*4+'연도별 상수'!AH$5*16)/J63 -> -10.728814 | AH63: ='연도별 상수'!$B$46 -> 0.871842 | AI63: 0 | AJ63: 0 | AK63: 0 | AL63: 0 | AM63: 0 | AN63: 0 | AO63: 0 | AP63: =K63 -> 246 | AQ63: 0
A64: 63 | B64: 이도윤 | C64: ='연도별 상수'!AE$4 -> 2B | D64: HAN | E64: ='연도별 상수'!$A$46 -> 2026 | F64: =ROUND(((H64)+(I64)+(AG64*K64/600)+(20*K64/600))/'연도별 상수'!$U$46,2) -> 0.17 | G64: =ROUND(100*(((((AE64-'리그 타자'!$B$46)/'연도별 상수'!$T$46)+'연도별 상수'!$W$46))+('연도별 상수'!$W$46*(1-AH64)))/'연도별 상수'!$W$46,1) -> 52.8 | H64: =ROUND((((AE64-'리그 타자'!$B$46)/'연도별 상수'!$T$46)*K64/AH64)+(S64*'연도별 상수'!$AB$46-T64*'연도별 상수'!$AC$46)-((S64+T64)*('연도별 상수'!$AD$46*0.2-(1-'연도별 상수'!$AD$46)*0.4))+0.05*(S64+O64+P64),1) -> -7.7 | I64: =ROUND((0.75*AO64)+(AF64*(J64/144)),1) -> -0.1 | J64: 72 | K64: 250 | L64: 231 | M64: 26 | N64: 62 | O64: 12 | P64: 2 | Q64: 1 | R64: 29 | S64: 2 | T64: 1 | U64: 11 | V64: 2 | W64: 1 | X64: 38 | Y64: 1 | Z64: 3 | AA64: =ROUND(N64/L64,3) -> 0.268 | AB64: =ROUND((N64+U64+V64)/(L64+U64+V64+Z64),3) -> 0.304 | AC64: =ROUND(((N64-O64-P64-Q64)+2*O64+3*P64+4*Q64)/L64,3) -> 0.351 | AD64: =ROUND(AB64+AC64,3) -> 0.655 | AE64: =ROUND((('연도별 상수'!$N$46*(U64-W64))+('연도별 상수'!$O$46*V64)+('연도별 상수'!$P$46*(N64-O64-P64-Q64))+('연도별 상수'!$Q$46*O64)+('연도별 상수'!$R$46*P64)+('연도별 상수'!$S$46*Q64))/(L64+U64+V64-W64+Z64),3) -> 0.298 | AF64: ='연도별 상수'!AG$4 -> 1.22 | AG64: ='연도별 상수'!AH$4 -> 3 | AH64: ='연도별 상수'!$F$46 -> 1.170772 | AI64: 0 | AJ64: 0 | AK64: 0 | AL64: 0 | AM64: 0 | AN64: 0 | AO64: -1 | AP64: =K64 -> 250 | AQ64: 0
A65: 64 | B65: 천성호 | C65: ='연도별 상수'!AE$5 -> 3B | D65: LG | E65: ='연도별 상수'!$A$46 -> 2026 | F65: =ROUND(((H65)+(I65)+(AG65*K65/600)+(20*K65/600))/'연도별 상수'!$U$46,2) -> 0.03 | G65: =ROUND(100*(((((AE65-'리그 타자'!$B$46)/'연도별 상수'!$T$46)+'연도별 상수'!$W$46))+('연도별 상수'!$W$46*(1-AH65)))/'연도별 상수'!$W$46,1) -> 102 | H65: =ROUND((((AE65-'리그 타자'!$B$46)/'연도별 상수'!$T$46)*K65/AH65)+(S65*'연도별 상수'!$AB$46-T65*'연도별 상수'!$AC$46)-((S65+T65)*('연도별 상수'!$AD$46*0.2-(1-'연도별 상수'!$AD$46)*0.4))+0.05*(S65+O65+P65),1) -> -2.2 | I65: =ROUND((0.75*AO65)+(AF65*(J65/144)),1) -> -4.4 | J65: 74 | K65: 218 | L65: 199 | M65: 33 | N65: 56 | O65: 14 | P65: 1 | Q65: 1 | R65: 26 | S65: 5 | T65: 1 | U65: 14 | V65: 3 | W65: 1 | X65: 31 | Y65: 7 | Z65: 0 | AA65: =ROUND(N65/L65,3) -> 0.281 | AB65: =ROUND((N65+U65+V65)/(L65+U65+V65+Z65),3) -> 0.338 | AC65: =ROUND(((N65-O65-P65-Q65)+2*O65+3*P65+4*Q65)/L65,3) -> 0.377 | AD65: =ROUND(AB65+AC65,3) -> 0.715 | AE65: =ROUND((('연도별 상수'!$N$46*(U65-W65))+('연도별 상수'!$O$46*V65)+('연도별 상수'!$P$46*(N65-O65-P65-Q65))+('연도별 상수'!$Q$46*O65)+('연도별 상수'!$R$46*P65)+('연도별 상수'!$S$46*Q65))/(L65+U65+V65-W65+Z65),3) -> 0.329 | AF65: ='연도별 상수'!AG$5 -> 0.22 | AG65: ='연도별 상수'!AH$5 -> -1 | AH65: ='연도별 상수'!$B$46 -> 0.871842 | AI65: 0 | AJ65: 0 | AK65: 0 | AL65: 0 | AM65: 0 | AN65: 0 | AO65: -6 | AP65: =K65 -> 218 | AQ65: 0
A66: 65 | B66: 구본혁 | C66: ='연도별 상수'!AE$5 -> 3B | D66: LG | E66: ='연도별 상수'!$A$46 -> 2026 | F66: =ROUND(((H66)+(I66)+(AG66*K66/600)+(20*K66/600))/'연도별 상수'!$U$46,2) -> -0.07 | G66: =ROUND(100*(((((AE66-'리그 타자'!$B$46)/'연도별 상수'!$T$46)+'연도별 상수'!$W$46))+('연도별 상수'!$W$46*(1-AH66)))/'연도별 상수'!$W$46,1) -> 84 | H66: =ROUND((((AE66-'리그 타자'!$B$46)/'연도별 상수'!$T$46)*K66/AH66)+(S66*'연도별 상수'!$AB$46-T66*'연도별 상수'!$AC$46)-((S66+T66)*('연도별 상수'!$AD$46*0.2-(1-'연도별 상수'!$AD$46)*0.4))+0.05*(S66+O66+P66),1) -> -8.6 | I66: =ROUND((0.75*AO66)+(AF66*(J66/144)),1) -> 0.9 | J66: 83 | K66: 218 | L66: 188 | M66: 20 | N66: 51 | O66: 3 | P66: 0 | Q66: 0 | R66: 15 | S66: 3 | T66: 0 | U66: 17 | V66: 2 | W66: 0 | X66: 27 | Y66: 4 | Z66: 1 | AA66: =ROUND(N66/L66,3) -> 0.271 | AB66: =ROUND((N66+U66+V66)/(L66+U66+V66+Z66),3) -> 0.337 | AC66: =ROUND(((N66-O66-P66-Q66)+2*O66+3*P66+4*Q66)/L66,3) -> 0.287 | AD66: =ROUND(AB66+AC66,3) -> 0.624 | AE66: =ROUND((('연도별 상수'!$N$46*(U66-W66))+('연도별 상수'!$O$46*V66)+('연도별 상수'!$P$46*(N66-O66-P66-Q66))+('연도별 상수'!$Q$46*O66)+('연도별 상수'!$R$46*P66)+('연도별 상수'!$S$46*Q66))/(L66+U66+V66-W66+Z66),3) -> 0.3 | AF66: ='연도별 상수'!AG$5 -> 0.22 | AG66: ='연도별 상수'!AH$5 -> -1 | AH66: ='연도별 상수'!$B$46 -> 0.871842 | AI66: 0 | AJ66: 0 | AK66: 0 | AL66: 0 | AM66: 0 | AN66: 0 | AO66: 1 | AP66: =K66 -> 218 | AQ66: 0
A67: 66 | B67: 김선빈 | C67: ='연도별 상수'!AE$4 -> 2B | D67: KIA | E67: ='연도별 상수'!$A$46 -> 2026 | F67: =ROUND(((H67)+(I67)+(AG67*K67/600)+(20*K67/600))/'연도별 상수'!$U$46,2) -> -0.15 | G67: =ROUND(100*(((((AE67-'리그 타자'!$B$46)/'연도별 상수'!$T$46)+'연도별 상수'!$W$46))+('연도별 상수'!$W$46*(1-AH67)))/'연도별 상수'!$W$46,1) -> 87.3 | H67: =ROUND((((AE67-'리그 타자'!$B$46)/'연도별 상수'!$T$46)*K67/AH67)+(S67*'연도별 상수'!$AB$46-T67*'연도별 상수'!$AC$46)-((S67+T67)*('연도별 상수'!$AD$46*0.2-(1-'연도별 상수'!$AD$46)*0.4))+0.05*(S67+O67+P67),1) -> -8.7 | I67: =ROUND((0.75*AO67)+(AF67*(J67/144)),1) -> -5.3 | J67: 83 | K67: 322 | L67: 276 | M67: 30 | N67: 67 | O67: 14 | P67: 0 | Q67: 1 | R67: 25 | S67: 0 | T67: 0 | U67: 41 | V67: 3 | W67: 1 | X67: 34 | Y67: 7 | Z67: 1 | AA67: =ROUND(N67/L67,3) -> 0.243 | AB67: =ROUND((N67+U67+V67)/(L67+U67+V67+Z67),3) -> 0.346 | AC67: =ROUND(((N67-O67-P67-Q67)+2*O67+3*P67+4*Q67)/L67,3) -> 0.304 | AD67: =ROUND(AB67+AC67,3) -> 0.65 | AE67: =ROUND((('연도별 상수'!$N$46*(U67-W67))+('연도별 상수'!$O$46*V67)+('연도별 상수'!$P$46*(N67-O67-P67-Q67))+('연도별 상수'!$Q$46*O67)+('연도별 상수'!$R$46*P67)+('연도별 상수'!$S$46*Q67))/(L67+U67+V67-W67+Z67),3) -> 0.313 | AF67: ='연도별 상수'!AG$4 -> 1.22 | AG67: ='연도별 상수'!AH$4 -> 3 | AH67: ='연도별 상수'!$G$46 -> 0.919389 | AI67: 0 | AJ67: 0 | AK67: 0 | AL67: 0 | AM67: 0 | AN67: 0 | AO67: -8 | AP67: =K67 -> 322 | AQ67: 0
A68: 67 | B68: 김현수 | C68: ='연도별 상수'!AE$3 -> 1B | D68: KT | E68: ='연도별 상수'!$A$46 -> 2026 | F68: =ROUND(((H68)+(I68)+(AG68*K68/600)+(20*K68/600))/'연도별 상수'!$U$46,2) -> -0.13 | G68: =ROUND(100*(((((AE68-'리그 타자'!$B$46)/'연도별 상수'!$T$46)+'연도별 상수'!$W$46))+('연도별 상수'!$W$46*(1-AH68)))/'연도별 상수'!$W$46,1) -> 95.9 | H68: =ROUND((((AE68-'리그 타자'!$B$46)/'연도별 상수'!$T$46)*K68/AH68)+(S68*'연도별 상수'!$AB$46-T68*'연도별 상수'!$AC$46)-((S68+T68)*('연도별 상수'!$AD$46*0.2-(1-'연도별 상수'!$AD$46)*0.4))+0.05*(S68+O68+P68),1) -> 1.5 | I68: =ROUND((0.75*AO68)+(AF68*(J68/144)),1) -> -10.3 | J68: 82 | K68: 369 | L68: 335 | M68: 40 | N68: 98 | O68: 22 | P68: 0 | Q68: 6 | R68: 54 | S68: 0 | T68: 2 | U68: 31 | V68: 1 | W68: 0 | X68: 39 | Y68: 11 | Z68: 2 | AA68: =ROUND(N68/L68,3) -> 0.293 | AB68: =ROUND((N68+U68+V68)/(L68+U68+V68+Z68),3) -> 0.352 | AC68: =ROUND(((N68-O68-P68-Q68)+2*O68+3*P68+4*Q68)/L68,3) -> 0.412 | AD68: =ROUND(AB68+AC68,3) -> 0.764 | AE68: =ROUND((('연도별 상수'!$N$46*(U68-W68))+('연도별 상수'!$O$46*V68)+('연도별 상수'!$P$46*(N68-O68-P68-Q68))+('연도별 상수'!$Q$46*O68)+('연도별 상수'!$R$46*P68)+('연도별 상수'!$S$46*Q68))/(L68+U68+V68-W68+Z68),3) -> 0.351 | AF68: ='연도별 상수'!AG$3 -> -10.22 | AG68: ='연도별 상수'!AH$3 -> -8 | AH68: ='연도별 상수'!$E$46 -> 1.069855 | AI68: 0 | AJ68: 0 | AK68: 0 | AL68: 0 | AM68: 0 | AN68: 0 | AO68: -6 | AP68: =K68 -> 369 | AQ68: 0
A69: 68 | B69: 김민혁 | C69: ='연도별 상수'!AE$7 -> LF | D69: KT | E69: ='연도별 상수'!$A$46 -> 2026 | F69: =ROUND(((H69)+(I69)+(AG69*K69/600)+(20*K69/600))/'연도별 상수'!$U$46,2) -> -0.09 | G69: =ROUND(100*(((((AE69-'리그 타자'!$B$46)/'연도별 상수'!$T$46)+'연도별 상수'!$W$46))+('연도별 상수'!$W$46*(1-AH69)))/'연도별 상수'!$W$46,1) -> 89.1 | H69: =ROUND((((AE69-'리그 타자'!$B$46)/'연도별 상수'!$T$46)*K69/AH69)+(S69*'연도별 상수'!$AB$46-T69*'연도별 상수'!$AC$46)-((S69+T69)*('연도별 상수'!$AD$46*0.2-(1-'연도별 상수'!$AD$46)*0.4))+0.05*(S69+O69+P69),1) -> -1.2 | I69: =ROUND((0.75*AO69)+(AF69*(J69/144)),1) -> -6.1 | J69: 62 | K69: 252 | L69: 226 | M69: 31 | N69: 71 | O69: 5 | P69: 0 | Q69: 1 | R69: 25 | S69: 1 | T69: 1 | U69: 17 | V69: 4 | W69: 0 | X69: 36 | Y69: 5 | Z69: 1 | AA69: =ROUND(N69/L69,3) -> 0.314 | AB69: =ROUND((N69+U69+V69)/(L69+U69+V69+Z69),3) -> 0.371 | AC69: =ROUND(((N69-O69-P69-Q69)+2*O69+3*P69+4*Q69)/L69,3) -> 0.35 | AD69: =ROUND(AB69+AC69,3) -> 0.721 | AE69: =ROUND((('연도별 상수'!$N$46*(U69-W69))+('연도별 상수'!$O$46*V69)+('연도별 상수'!$P$46*(N69-O69-P69-Q69))+('연도별 상수'!$Q$46*O69)+('연도별 상수'!$R$46*P69)+('연도별 상수'!$S$46*Q69))/(L69+U69+V69-W69+Z69),3) -> 0.34 | AF69: ='연도별 상수'!AG$7 -> -5.5 | AG69: ='연도별 상수'!AH$7 -> -5 | AH69: ='연도별 상수'!$E$46 -> 1.069855 | AI69: 0 | AJ69: 0 | AK69: 0 | AL69: 0 | AM69: 0 | AN69: 0 | AO69: -5 | AP69: =K69 -> 252 | AQ69: 0
A70: 69 | B70: 장성우 | C70: ='연도별 상수'!AE$10 -> DH | D70: KT | E70: ='연도별 상수'!$A$46 -> 2026 | F70: =ROUND(((H70)+(I70)+(AG70*K70/600)+(20*K70/600))/'연도별 상수'!$U$46,2) -> -0.09 | G70: =ROUND(100*(((((AE70-'리그 타자'!$B$46)/'연도별 상수'!$T$46)+'연도별 상수'!$W$46))+('연도별 상수'!$W$46*(1-AH70)))/'연도별 상수'!$W$46,1) -> 97.8 | H70: =ROUND((((AE70-'리그 타자'!$B$46)/'연도별 상수'!$T$46)*K70/AH70)+(S70*'연도별 상수'!$AB$46-T70*'연도별 상수'!$AC$46)-((S70+T70)*('연도별 상수'!$AD$46*0.2-(1-'연도별 상수'!$AD$46)*0.4))+0.05*(S70+O70+P70),1) -> 1.9 | I70: =ROUND((0.75*AO70)+(AF70*(J70/144)),1) -> -4.5 | J70: 52 | K70: 201 | L70: 161 | M70: 28 | N70: 33 | O70: 10 | P70: 0 | Q70: 8 | R70: 35 | S70: 1 | T70: 0 | U70: 37 | V70: 2 | W70: 3 | X70: 49 | Y70: 8 | Z70: 1 | AA70: =ROUND(N70/L70,3) -> 0.205 | AB70: =ROUND((N70+U70+V70)/(L70+U70+V70+Z70),3) -> 0.358 | AC70: =ROUND(((N70-O70-P70-Q70)+2*O70+3*P70+4*Q70)/L70,3) -> 0.416 | AD70: =ROUND(AB70+AC70,3) -> 0.774 | AE70: =ROUND((('연도별 상수'!$N$46*(U70-W70))+('연도별 상수'!$O$46*V70)+('연도별 상수'!$P$46*(N70-O70-P70-Q70))+('연도별 상수'!$Q$46*O70)+('연도별 상수'!$R$46*P70)+('연도별 상수'!$S$46*Q70))/(L70+U70+V70-W70+Z70),3) -> 0.354 | AF70: ='연도별 상수'!AG$10 -> -12.5 | AG70: ='연도별 상수'!AH$10 -> -15 | AH70: ='연도별 상수'!$E$46 -> 1.069855 | AI70: 0 | AJ70: 0 | AK70: 0 | AL70: 0 | AM70: 0 | AN70: 0 | AO70: 0 | AP70: =K70 -> 201 | AQ70: 0
A71: 70 | B71: 박지훈 | C71: ='연도별 상수'!AE$5 -> 3B | D71: DOO | E71: ='연도별 상수'!$A$46 -> 2026 | F71: =ROUND(((H71)+(I71)+(AG71*K71/600)+(20*K71/600))/'연도별 상수'!$U$46,2) -> -0.19 | G71: =ROUND(100*(((((AE71-'리그 타자'!$B$46)/'연도별 상수'!$T$46)+'연도별 상수'!$W$46))+('연도별 상수'!$W$46*(1-AH71)))/'연도별 상수'!$W$46,1) -> 87.1 | H71: =ROUND((((AE71-'리그 타자'!$B$46)/'연도별 상수'!$T$46)*K71/AH71)+(S71*'연도별 상수'!$AB$46-T71*'연도별 상수'!$AC$46)-((S71+T71)*('연도별 상수'!$AD$46*0.2-(1-'연도별 상수'!$AD$46)*0.4))+0.05*(S71+O71+P71),1) -> -7.5 | I71: =ROUND((0.75*AO71)+(AF71*(J71/144)),1) -> -1.4 | J71: 77 | K71: 217 | L71: 185 | M71: 28 | N71: 47 | O71: 4 | P71: 2 | Q71: 0 | R71: 17 | S71: 5 | T71: 1 | U71: 19 | V71: 4 | W71: 0 | X71: 31 | Y71: 3 | Z71: 0 | AA71: =ROUND(N71/L71,3) -> 0.254 | AB71: =ROUND((N71+U71+V71)/(L71+U71+V71+Z71),3) -> 0.337 | AC71: =ROUND(((N71-O71-P71-Q71)+2*O71+3*P71+4*Q71)/L71,3) -> 0.297 | AD71: =ROUND(AB71+AC71,3) -> 0.634 | AE71: =ROUND((('연도별 상수'!$N$46*(U71-W71))+('연도별 상수'!$O$46*V71)+('연도별 상수'!$P$46*(N71-O71-P71-Q71))+('연도별 상수'!$Q$46*O71)+('연도별 상수'!$R$46*P71)+('연도별 상수'!$S$46*Q71))/(L71+U71+V71-W71+Z71),3) -> 0.305 | AF71: ='연도별 상수'!AG$5 -> 0.22 | AG71: ='연도별 상수'!AH$5 -> -1 | AH71: ='연도별 상수'!$B$46 -> 0.871842 | AI71: 0 | AJ71: 0 | AK71: 0 | AL71: 0 | AM71: 0 | AN71: 0 | AO71: -2 | AP71: =K71 -> 217 | AQ71: 0
A72: 71 | B72: 오태곤 | C72: ='연도별 상수'!AE$3 -> 1B | D72: SSG | E72: ='연도별 상수'!$A$46 -> 2026 | F72: =ROUND(((H72)+(I72)+(AG72*K72/600)+(20*K72/600))/'연도별 상수'!$U$46,2) -> -0.51 | G72: =ROUND(100*(((((AE72-'리그 타자'!$B$46)/'연도별 상수'!$T$46)+'연도별 상수'!$W$46))+('연도별 상수'!$W$46*(1-AH72)))/'연도별 상수'!$W$46,1) -> 84.9 | H72: =ROUND((((AE72-'리그 타자'!$B$46)/'연도별 상수'!$T$46)*K72/AH72)+(S72*'연도별 상수'!$AB$46-T72*'연도별 상수'!$AC$46)-((S72+T72)*('연도별 상수'!$AD$46*0.2-(1-'연도별 상수'!$AD$46)*0.4))+0.05*(S72+O72+P72),1) -> -5.3 | I72: =ROUND((0.75*AO72)+(AF72*(J72/144)),1) -> -4.5 | J72: 74 | K72: 216 | L72: 196 | M72: 27 | N72: 45 | O72: 7 | P72: 0 | Q72: 9 | R72: 27 | S72: 7 | T72: 2 | U72: 16 | V72: 2 | W72: 1 | X72: 61 | Y72: 8 | Z72: 2 | AA72: =ROUND(N72/L72,3) -> 0.23 | AB72: =ROUND((N72+U72+V72)/(L72+U72+V72+Z72),3) -> 0.292 | AC72: =ROUND(((N72-O72-P72-Q72)+2*O72+3*P72+4*Q72)/L72,3) -> 0.403 | AD72: =ROUND(AB72+AC72,3) -> 0.695 | AE72: =ROUND((('연도별 상수'!$N$46*(U72-W72))+('연도별 상수'!$O$46*V72)+('연도별 상수'!$P$46*(N72-O72-P72-Q72))+('연도별 상수'!$Q$46*O72)+('연도별 상수'!$R$46*P72)+('연도별 상수'!$S$46*Q72))/(L72+U72+V72-W72+Z72),3) -> 0.313 | AF72: ='연도별 상수'!AG$3 -> -10.22 | AG72: ='연도별 상수'!AH$3 -> -8 | AH72: ='연도별 상수'!$D$46 -> 0.943387 | AI72: 0 | AJ72: 0 | AK72: 0 | AL72: 0 | AM72: 0 | AN72: 0 | AO72: 1 | AP72: =K72 -> 216 | AQ72: 0
A73: 72 | B73: 안치홍 | C73: ='연도별 상수'!AE$10 -> DH | D73: KIW | E73: ='연도별 상수'!$A$46 -> 2026 | F73: =ROUND(((H73)+(I73)+(AG73*K73/600)+(20*K73/600))/'연도별 상수'!$U$46,2) -> -0.68 | G73: =ROUND(100*(((((AE73-'리그 타자'!$B$46)/'연도별 상수'!$T$46)+'연도별 상수'!$W$46))+('연도별 상수'!$W$46*(1-AH73)))/'연도별 상수'!$W$46,1) -> 102.9 | H73: =ROUND((((AE73-'리그 타자'!$B$46)/'연도별 상수'!$T$46)*K73/AH73)+(S73*'연도별 상수'!$AB$46-T73*'연도별 상수'!$AC$46)-((S73+T73)*('연도별 상수'!$AD$46*0.2-(1-'연도별 상수'!$AD$46)*0.4))+0.05*(S73+O73+P73),1) -> -1.1 | I73: =ROUND((0.75*AO73)+(AF73*(J73/144)),1) -> -8.8 | J73: 75 | K73: 313 | L73: 278 | M73: 30 | N73: 77 | O73: 12 | P73: 0 | Q73: 6 | R73: 33 | S73: 0 | T73: 0 | U73: 31 | V73: 2 | W73: 2 | X73: 45 | Y73: 10 | Z73: 2 | AA73: =ROUND(N73/L73,3) -> 0.277 | AB73: =ROUND((N73+U73+V73)/(L73+U73+V73+Z73),3) -> 0.351 | AC73: =ROUND(((N73-O73-P73-Q73)+2*O73+3*P73+4*Q73)/L73,3) -> 0.385 | AD73: =ROUND(AB73+AC73,3) -> 0.736 | AE73: =ROUND((('연도별 상수'!$N$46*(U73-W73))+('연도별 상수'!$O$46*V73)+('연도별 상수'!$P$46*(N73-O73-P73-Q73))+('연도별 상수'!$Q$46*O73)+('연도별 상수'!$R$46*P73)+('연도별 상수'!$S$46*Q73))/(L73+U73+V73-W73+Z73),3) -> 0.34 | AF73: ='연도별 상수'!AG$10 -> -12.5 | AG73: ='연도별 상수'!AH$10 -> -15 | AH73: ='연도별 상수'!$C$46 -> 0.931727 | AI73: 0 | AJ73: 0 | AK73: 0 | AL73: 0 | AM73: 0 | AN73: 0 | AO73: -3 | AP73: =K73 -> 313 | AQ73: 0
A74: 73 | B74: 김재환 | C74: ='연도별 상수'!AE$10 -> DH | D74: SSG | E74: ='연도별 상수'!$A$46 -> 2026 | F74: =ROUND(((H74)+(I74)+(AG74*K74/600)+(20*K74/600))/'연도별 상수'!$U$46,2) -> -0.78 | G74: =ROUND(100*(((((AE74-'리그 타자'!$B$46)/'연도별 상수'!$T$46)+'연도별 상수'!$W$46))+('연도별 상수'!$W$46*(1-AH74)))/'연도별 상수'!$W$46,1) -> 99.2 | H74: =ROUND((((AE74-'리그 타자'!$B$46)/'연도별 상수'!$T$46)*K74/AH74)+(S74*'연도별 상수'!$AB$46-T74*'연도별 상수'!$AC$46)-((S74+T74)*('연도별 상수'!$AD$46*0.2-(1-'연도별 상수'!$AD$46)*0.4))+0.05*(S74+O74+P74),1) -> -2.2 | I74: =ROUND((0.75*AO74)+(AF74*(J74/144)),1) -> -8.7 | J74: 74 | K74: 296 | L74: 247 | M74: 31 | N74: 51 | O74: 5 | P74: 0 | Q74: 13 | R74: 41 | S74: 1 | T74: 0 | U74: 45 | V74: 3 | W74: 0 | X74: 84 | Y74: 4 | Z74: 1 | AA74: =ROUND(N74/L74,3) -> 0.206 | AB74: =ROUND((N74+U74+V74)/(L74+U74+V74+Z74),3) -> 0.334 | AC74: =ROUND(((N74-O74-P74-Q74)+2*O74+3*P74+4*Q74)/L74,3) -> 0.385 | AD74: =ROUND(AB74+AC74,3) -> 0.719 | AE74: =ROUND((('연도별 상수'!$N$46*(U74-W74))+('연도별 상수'!$O$46*V74)+('연도별 상수'!$P$46*(N74-O74-P74-Q74))+('연도별 상수'!$Q$46*O74)+('연도별 상수'!$R$46*P74)+('연도별 상수'!$S$46*Q74))/(L74+U74+V74-W74+Z74),3) -> 0.336 | AF74: ='연도별 상수'!AG$10 -> -12.5 | AG74: ='연도별 상수'!AH$10 -> -15 | AH74: ='연도별 상수'!$D$46 -> 0.943387 | AI74: 0 | AJ74: 0 | AK74: 0 | AL74: 0 | AM74: 0 | AN74: 0 | AO74: -3 | AP74: =K74 -> 296 | AQ74: 0
A75: 74 | B75: 최주환 | C75: ='연도별 상수'!AE$3 -> 1B | D75: KIW | E75: ='연도별 상수'!$A$46 -> 2026 | F75: =ROUND(((H75)+(I75)+(AG75*K75/600)+(20*K75/600))/'연도별 상수'!$U$46,2) -> -1.01 | G75: =ROUND(100*(((((AE75-'리그 타자'!$B$46)/'연도별 상수'!$T$46)+'연도별 상수'!$W$46))+('연도별 상수'!$W$46*(1-AH75)))/'연도별 상수'!$W$46,1) -> 81.1 | H75: =ROUND((((AE75-'리그 타자'!$B$46)/'연도별 상수'!$T$46)*K75/AH75)+(S75*'연도별 상수'!$AB$46-T75*'연도별 상수'!$AC$46)-((S75+T75)*('연도별 상수'!$AD$46*0.2-(1-'연도별 상수'!$AD$46)*0.4))+0.05*(S75+O75+P75),1) -> -9.4 | I75: =ROUND((0.75*AO75)+(AF75*(J75/144)),1) -> -7.1 | J75: 79 | K75: 277 | L75: 239 | M75: 21 | N75: 56 | O75: 10 | P75: 1 | Q75: 3 | R75: 30 | S75: 0 | T75: 0 | U75: 32 | V75: 1 | W75: 1 | X75: 38 | Y75: 7 | Z75: 2 | AA75: =ROUND(N75/L75,3) -> 0.234 | AB75: =ROUND((N75+U75+V75)/(L75+U75+V75+Z75),3) -> 0.325 | AC75: =ROUND(((N75-O75-P75-Q75)+2*O75+3*P75+4*Q75)/L75,3) -> 0.322 | AD75: =ROUND(AB75+AC75,3) -> 0.647 | AE75: =ROUND((('연도별 상수'!$N$46*(U75-W75))+('연도별 상수'!$O$46*V75)+('연도별 상수'!$P$46*(N75-O75-P75-Q75))+('연도별 상수'!$Q$46*O75)+('연도별 상수'!$R$46*P75)+('연도별 상수'!$S$46*Q75))/(L75+U75+V75-W75+Z75),3) -> 0.305 | AF75: ='연도별 상수'!AG$3 -> -10.22 | AG75: ='연도별 상수'!AH$3 -> -8 | AH75: ='연도별 상수'!$C$46 -> 0.931727 | AI75: 0 | AJ75: 0 | AK75: 0 | AL75: 0 | AM75: 0 | AN75: 0 | AO75: -2 | AP75: =K75 -> 277 | AQ75: 0
A76: 75 | B76: 나승엽 | C76: ='연도별 상수'!AE$3 -> 1B | D76: LOT | E76: ='연도별 상수'!$A$46 -> 2026 | F76: =ROUND(((H76)+(I76)+(AG76*K76/600)+(20*K76/600))/'연도별 상수'!$U$46,2) -> -0.94 | G76: =ROUND(100*(((((AE76-'리그 타자'!$B$46)/'연도별 상수'!$T$46)+'연도별 상수'!$W$46))+('연도별 상수'!$W$46*(1-AH76)))/'연도별 상수'!$W$46,1) -> 56 | H76: =ROUND((((AE76-'리그 타자'!$B$46)/'연도별 상수'!$T$46)*K76/AH76)+(S76*'연도별 상수'!$AB$46-T76*'연도별 상수'!$AC$46)-((S76+T76)*('연도별 상수'!$AD$46*0.2-(1-'연도별 상수'!$AD$46)*0.4))+0.05*(S76+O76+P76),1) -> -5.2 | I76: =ROUND((0.75*AO76)+(AF76*(J76/144)),1) -> -8.7 | J76: 48 | K76: 188 | L76: 167 | M76: 18 | N76: 38 | O76: 7 | P76: 0 | Q76: 5 | R76: 27 | S76: 1 | T76: 0 | U76: 18 | V76: 0 | W76: 0 | X76: 31 | Y76: 6 | Z76: 3 | AA76: =ROUND(N76/L76,3) -> 0.228 | AB76: =ROUND((N76+U76+V76)/(L76+U76+V76+Z76),3) -> 0.298 | AC76: =ROUND(((N76-O76-P76-Q76)+2*O76+3*P76+4*Q76)/L76,3) -> 0.359 | AD76: =ROUND(AB76+AC76,3) -> 0.657 | AE76: =ROUND((('연도별 상수'!$N$46*(U76-W76))+('연도별 상수'!$O$46*V76)+('연도별 상수'!$P$46*(N76-O76-P76-Q76))+('연도별 상수'!$Q$46*O76)+('연도별 상수'!$R$46*P76)+('연도별 상수'!$S$46*Q76))/(L76+U76+V76-W76+Z76),3) -> 0.302 | AF76: ='연도별 상수'!AG$3 -> -10.22 | AG76: ='연도별 상수'!AH$3 -> -8 | AH76: ='연도별 상수'!$I$46 -> 1.163773 | AI76: 0 | AJ76: 0 | AK76: 0 | AL76: 0 | AM76: 0 | AN76: 0 | AO76: -7 | AP76: =K76 -> 188 | AQ76: 0
A77: 76 | B77: 전준우 | C77: ='연도별 상수'!AE$10 -> DH | D77: LOT | E77: ='연도별 상수'!$A$46 -> 2026 | F77: =ROUND(((H77)+(I77)+(AG77*K77/600)+(20*K77/600))/'연도별 상수'!$U$46,2) -> -1.42 | G77: =ROUND(100*(((((AE77-'리그 타자'!$B$46)/'연도별 상수'!$T$46)+'연도별 상수'!$W$46))+('연도별 상수'!$W$46*(1-AH77)))/'연도별 상수'!$W$46,1) -> 33 | H77: =ROUND((((AE77-'리그 타자'!$B$46)/'연도별 상수'!$T$46)*K77/AH77)+(S77*'연도별 상수'!$AB$46-T77*'연도별 상수'!$AC$46)-((S77+T77)*('연도별 상수'!$AD$46*0.2-(1-'연도별 상수'!$AD$46)*0.4))+0.05*(S77+O77+P77),1) -> -11 | I77: =ROUND((0.75*AO77)+(AF77*(J77/144)),1) -> -6 | J77: 52 | K77: 193 | L77: 178 | M77: 12 | N77: 40 | O77: 6 | P77: 0 | Q77: 2 | R77: 13 | S77: 0 | T77: 1 | U77: 13 | V77: 0 | W77: 0 | X77: 29 | Y77: 4 | Z77: 2 | AA77: =ROUND(N77/L77,3) -> 0.225 | AB77: =ROUND((N77+U77+V77)/(L77+U77+V77+Z77),3) -> 0.275 | AC77: =ROUND(((N77-O77-P77-Q77)+2*O77+3*P77+4*Q77)/L77,3) -> 0.292 | AD77: =ROUND(AB77+AC77,3) -> 0.567 | AE77: =ROUND((('연도별 상수'!$N$46*(U77-W77))+('연도별 상수'!$O$46*V77)+('연도별 상수'!$P$46*(N77-O77-P77-Q77))+('연도별 상수'!$Q$46*O77)+('연도별 상수'!$R$46*P77)+('연도별 상수'!$S$46*Q77))/(L77+U77+V77-W77+Z77),3) -> 0.265 | AF77: ='연도별 상수'!AG$10 -> -12.5 | AG77: ='연도별 상수'!AH$10 -> -15 | AH77: ='연도별 상수'!$I$46 -> 1.163773 | AI77: 0 | AJ77: 0 | AK77: 0 | AL77: 0 | AM77: 0 | AN77: 0 | AO77: -2 | AP77: =K77 -> 193 | AQ77: 0

Sheet 확장-타자
A1: RK | B1: Player | C1: Pos | D1: Team | E1: Year | F1: oWAR | G1: PA | H1: XBH | I1: wOBA | J1: wRC | K1: wRC+ | L1: OPS+ | M1: K% | N1: BB% | O1: BB/K | P1: HR% | Q1: BABIP | R1: IsoD | S1: IsoP | T1: WPA | U1: RE24 | V1: RC27 | W1: REW | X1: whiff% | Y1: chase%
A2: ='기본-타자'!A2 -> 1 | B2: ='기본-타자'!B2 -> 오스틴 | C2: ='기본-타자'!C2 -> 1B | D2: ='기본-타자'!D2 -> LG | E2: ='기본-타자'!E2 -> 2026 | F2: =ROUND((('기본-타자'!H2)+('기본-타자'!AG2*'기본-타자'!K2/600)+(20*'기본-타자'!K2/600))/'연도별 상수'!$U$46,2) -> 4.76 | G2: ='기본-타자'!K2 -> 378 | H2: ='기본-타자'!O2+'기본-타자'!P2+'기본-타자'!Q2 -> 48 | I2: =ROUND('기본-타자'!AE2,3) -> 0.469 | J2: =ROUND(((I2-'리그 타자'!$B$46)/'연도별 상수'!$T$46+'연도별 상수'!$W$46)*G2,1) -> 86.4 | K2: ='기본-타자'!G2 -> 189.2 | L2: =ROUND(100*('기본-타자'!AB2/'리그 타자'!$R$46+'기본-타자'!AC2/'리그 타자'!$S$46-1)/'기본-타자'!AH2,1) -> 210.9 | M2: =ROUND('기본-타자'!X2/G2*100,1) -> 15.3 | N2: =ROUND('기본-타자'!U2/G2*100,1) -> 11.1 | O2: =ROUND('기본-타자'!U2/'기본-타자'!X2,1) -> 0.7 | P2: =ROUND('기본-타자'!Q2/G2*100,1) -> 7.1 | Q2: =ROUND(('기본-타자'!N2-'기본-타자'!Q2)/('기본-타자'!L2-'기본-타자'!X2-'기본-타자'!Q2+'기본-타자'!Z2),3) -> 0.343 | R2: =ROUND('기본-타자'!AB2-'기본-타자'!AA2,3) -> 0.082 | S2: =ROUND('기본-타자'!AC2-'기본-타자'!AA2,3) -> 0.322 | T2: ='기본-타자'!AK2 -> 0 | U2: ='기본-타자'!AL2 -> 0 | V2: ='기본-타자'!AN2 -> 0 | W2: ='기본-타자'!AM2 -> 0 | X2: ='기본-타자'!AI2 -> 0 | Y2: ='기본-타자'!AJ2 -> 0
A3: ='기본-타자'!A3 -> 2 | B3: ='기본-타자'!B3 -> 김주원 | C3: ='기본-타자'!C3 -> SS | D3: ='기본-타자'!D3 -> NC | E3: ='기본-타자'!E3 -> 2026 | F3: =ROUND((('기본-타자'!H3)+('기본-타자'!AG3*'기본-타자'!K3/600)+(20*'기본-타자'!K3/600))/'연도별 상수'!$U$46,2) -> 3.01 | G3: ='기본-타자'!K3 -> 366 | H3: ='기본-타자'!O3+'기본-타자'!P3+'기본-타자'!Q3 -> 28 | I3: =ROUND('기본-타자'!AE3,3) -> 0.389 | J3: =ROUND(((I3-'리그 타자'!$B$46)/'연도별 상수'!$T$46+'연도별 상수'!$W$46)*G3,1) -> 60 | K3: ='기본-타자'!G3 -> 129.7 | L3: =ROUND(100*('기본-타자'!AB3/'리그 타자'!$R$46+'기본-타자'!AC3/'리그 타자'!$S$46-1)/'기본-타자'!AH3,1) -> 131.5 | M3: =ROUND('기본-타자'!X3/G3*100,1) -> 13.4 | N3: =ROUND('기본-타자'!U3/G3*100,1) -> 7.9 | O3: =ROUND('기본-타자'!U3/'기본-타자'!X3,1) -> 0.6 | P3: =ROUND('기본-타자'!Q3/G3*100,1) -> 3.6 | Q3: =ROUND(('기본-타자'!N3-'기본-타자'!Q3)/('기본-타자'!L3-'기본-타자'!X3-'기본-타자'!Q3+'기본-타자'!Z3),3) -> 0.326 | R3: =ROUND('기본-타자'!AB3-'기본-타자'!AA3,3) -> 0.078 | S3: =ROUND('기본-타자'!AC3-'기본-타자'!AA3,3) -> 0.169 | T3: ='기본-타자'!AK3 -> 0 | U3: ='기본-타자'!AL3 -> 0 | V3: ='기본-타자'!AN3 -> 0 | W3: ='기본-타자'!AM3 -> 0 | X3: ='기본-타자'!AI3 -> 0 | Y3: ='기본-타자'!AJ3 -> 0
A4: ='기본-타자'!A4 -> 3 | B4: ='기본-타자'!B4 -> 김도영 | C4: ='기본-타자'!C4 -> 3B | D4: ='기본-타자'!D4 -> KIA | E4: ='기본-타자'!E4 -> 2026 | F4: =ROUND((('기본-타자'!H4)+('기본-타자'!AG4*'기본-타자'!K4/600)+(20*'기본-타자'!K4/600))/'연도별 상수'!$U$46,2) -> 3.97 | G4: ='기본-타자'!K4 -> 371 | H4: ='기본-타자'!O4+'기본-타자'!P4+'기본-타자'!Q4 -> 45 | I4: =ROUND('기본-타자'!AE4,3) -> 0.436 | J4: =ROUND(((I4-'리그 타자'!$B$46)/'연도별 상수'!$T$46+'연도별 상수'!$W$46)*G4,1) -> 74.9 | K4: ='기본-타자'!G4 -> 163.9 | L4: =ROUND(100*('기본-타자'!AB4/'리그 타자'!$R$46+'기본-타자'!AC4/'리그 타자'!$S$46-1)/'기본-타자'!AH4,1) -> 179.5 | M4: =ROUND('기본-타자'!X4/G4*100,1) -> 16.4 | N4: =ROUND('기본-타자'!U4/G4*100,1) -> 12.7 | O4: =ROUND('기본-타자'!U4/'기본-타자'!X4,1) -> 0.8 | P4: =ROUND('기본-타자'!Q4/G4*100,1) -> 7.3 | Q4: =ROUND(('기본-타자'!N4-'기본-타자'!Q4)/('기본-타자'!L4-'기본-타자'!X4-'기본-타자'!Q4+'기본-타자'!Z4),3) -> 0.29 | R4: =ROUND('기본-타자'!AB4-'기본-타자'!AA4,3) -> 0.096 | S4: =ROUND('기본-타자'!AC4-'기본-타자'!AA4,3) -> 0.318 | T4: ='기본-타자'!AK4 -> 0 | U4: ='기본-타자'!AL4 -> 0 | V4: ='기본-타자'!AN4 -> 0 | W4: ='기본-타자'!AM4 -> 0 | X4: ='기본-타자'!AI4 -> 0 | Y4: ='기본-타자'!AJ4 -> 0
A5: ='기본-타자'!A5 -> 4 | B5: ='기본-타자'!B5 -> 박민우 | C5: ='기본-타자'!C5 -> 2B | D5: ='기본-타자'!D5 -> NC | E5: ='기본-타자'!E5 -> 2026 | F5: =ROUND((('기본-타자'!H5)+('기본-타자'!AG5*'기본-타자'!K5/600)+(20*'기본-타자'!K5/600))/'연도별 상수'!$U$46,2) -> 3.05 | G5: ='기본-타자'!K5 -> 329 | H5: ='기본-타자'!O5+'기본-타자'!P5+'기본-타자'!Q5 -> 23 | I5: =ROUND('기본-타자'!AE5,3) -> 0.413 | J5: =ROUND(((I5-'리그 타자'!$B$46)/'연도별 상수'!$T$46+'연도별 상수'!$W$46)*G5,1) -> 60.3 | K5: ='기본-타자'!G5 -> 144.7 | L5: =ROUND(100*('기본-타자'!AB5/'리그 타자'!$R$46+'기본-타자'!AC5/'리그 타자'!$S$46-1)/'기본-타자'!AH5,1) -> 143.5 | M5: =ROUND('기본-타자'!X5/G5*100,1) -> 11.2 | N5: =ROUND('기본-타자'!U5/G5*100,1) -> 14 | O5: =ROUND('기본-타자'!U5/'기본-타자'!X5,1) -> 1.2 | P5: =ROUND('기본-타자'!Q5/G5*100,1) -> 1.5 | Q5: =ROUND(('기본-타자'!N5-'기본-타자'!Q5)/('기본-타자'!L5-'기본-타자'!X5-'기본-타자'!Q5+'기본-타자'!Z5),3) -> 0.372 | R5: =ROUND('기본-타자'!AB5-'기본-타자'!AA5,3) -> 0.102 | S5: =ROUND('기본-타자'!AC5-'기본-타자'!AA5,3) -> 0.121 | T5: ='기본-타자'!AK5 -> 0 | U5: ='기본-타자'!AL5 -> 0 | V5: ='기본-타자'!AN5 -> 0 | W5: ='기본-타자'!AM5 -> 0 | X5: ='기본-타자'!AI5 -> 0 | Y5: ='기본-타자'!AJ5 -> 0
A6: ='기본-타자'!A6 -> 5 | B6: ='기본-타자'!B6 -> 박성한 | C6: ='기본-타자'!C6 -> SS | D6: ='기본-타자'!D6 -> SSG | E6: ='기본-타자'!E6 -> 2026 | F6: =ROUND((('기본-타자'!H6)+('기본-타자'!AG6*'기본-타자'!K6/600)+(20*'기본-타자'!K6/600))/'연도별 상수'!$U$46,2) -> 3.35 | G6: ='기본-타자'!K6 -> 374 | H6: ='기본-타자'!O6+'기본-타자'!P6+'기본-타자'!Q6 -> 24 | I6: =ROUND('기본-타자'!AE6,3) -> 0.403 | J6: =ROUND(((I6-'리그 타자'!$B$46)/'연도별 상수'!$T$46+'연도별 상수'!$W$46)*G6,1) -> 65.6 | K6: ='기본-타자'!G6 -> 140.9 | L6: =ROUND(100*('기본-타자'!AB6/'리그 타자'!$R$46+'기본-타자'!AC6/'리그 타자'!$S$46-1)/'기본-타자'!AH6,1) -> 138.7 | M6: =ROUND('기본-타자'!X6/G6*100,1) -> 12 | N6: =ROUND('기본-타자'!U6/G6*100,1) -> 15 | O6: =ROUND('기본-타자'!U6/'기본-타자'!X6,1) -> 1.2 | P6: =ROUND('기본-타자'!Q6/G6*100,1) -> 0.8 | Q6: =ROUND(('기본-타자'!N6-'기본-타자'!Q6)/('기본-타자'!L6-'기본-타자'!X6-'기본-타자'!Q6+'기본-타자'!Z6),3) -> 0.379 | R6: =ROUND('기본-타자'!AB6-'기본-타자'!AA6,3) -> 0.1 | S6: =ROUND('기본-타자'!AC6-'기본-타자'!AA6,3) -> 0.099 | T6: ='기본-타자'!AK6 -> 0 | U6: ='기본-타자'!AL6 -> 0 | V6: ='기본-타자'!AN6 -> 0 | W6: ='기본-타자'!AM6 -> 0 | X6: ='기본-타자'!AI6 -> 0 | Y6: ='기본-타자'!AJ6 -> 0
A7: ='기본-타자'!A7 -> 6 | B7: ='기본-타자'!B7 -> 한준수 | C7: ='기본-타자'!C7 -> C | D7: ='기본-타자'!D7 -> KIA | E7: ='기본-타자'!E7 -> 2026 | F7: =ROUND((('기본-타자'!H7)+('기본-타자'!AG7*'기본-타자'!K7/600)+(20*'기본-타자'!K7/600))/'연도별 상수'!$U$46,2) -> 2.76 | G7: ='기본-타자'!K7 -> 256 | H7: ='기본-타자'!O7+'기본-타자'!P7+'기본-타자'!Q7 -> 23 | I7: =ROUND('기본-타자'!AE7,3) -> 0.42 | J7: =ROUND(((I7-'리그 타자'!$B$46)/'연도별 상수'!$T$46+'연도별 상수'!$W$46)*G7,1) -> 48.4 | K7: ='기본-타자'!G7 -> 153.9 | L7: =ROUND(100*('기본-타자'!AB7/'리그 타자'!$R$46+'기본-타자'!AC7/'리그 타자'!$S$46-1)/'기본-타자'!AH7,1) -> 157.9 | M7: =ROUND('기본-타자'!X7/G7*100,1) -> 14.5 | N7: =ROUND('기본-타자'!U7/G7*100,1) -> 14.1 | O7: =ROUND('기본-타자'!U7/'기본-타자'!X7,1) -> 1 | P7: =ROUND('기본-타자'!Q7/G7*100,1) -> 2.3 | Q7: =ROUND(('기본-타자'!N7-'기본-타자'!Q7)/('기본-타자'!L7-'기본-타자'!X7-'기본-타자'!Q7+'기본-타자'!Z7),3) -> 0.365 | R7: =ROUND('기본-타자'!AB7-'기본-타자'!AA7,3) -> 0.111 | S7: =ROUND('기본-타자'!AC7-'기본-타자'!AA7,3) -> 0.168 | T7: ='기본-타자'!AK7 -> 0 | U7: ='기본-타자'!AL7 -> 0 | V7: ='기본-타자'!AN7 -> 0 | W7: ='기본-타자'!AM7 -> 0 | X7: ='기본-타자'!AI7 -> 0 | Y7: ='기본-타자'!AJ7 -> 0
A8: ='기본-타자'!A8 -> 7 | B8: ='기본-타자'!B8 -> 최정 | C8: ='기본-타자'!C8 -> 3B | D8: ='기본-타자'!D8 -> SSG | E8: ='기본-타자'!E8 -> 2026 | F8: =ROUND((('기본-타자'!H8)+('기본-타자'!AG8*'기본-타자'!K8/600)+(20*'기본-타자'!K8/600))/'연도별 상수'!$U$46,2) -> 3.08 | G8: ='기본-타자'!K8 -> 300 | H8: ='기본-타자'!O8+'기본-타자'!P8+'기본-타자'!Q8 -> 37 | I8: =ROUND('기본-타자'!AE8,3) -> 0.435 | J8: =ROUND(((I8-'리그 타자'!$B$46)/'연도별 상수'!$T$46+'연도별 상수'!$W$46)*G8,1) -> 60.4 | K8: ='기본-타자'!G8 -> 160.9 | L8: =ROUND(100*('기본-타자'!AB8/'리그 타자'!$R$46+'기본-타자'!AC8/'리그 타자'!$S$46-1)/'기본-타자'!AH8,1) -> 175.2 | M8: =ROUND('기본-타자'!X8/G8*100,1) -> 22 | N8: =ROUND('기본-타자'!U8/G8*100,1) -> 12.3 | O8: =ROUND('기본-타자'!U8/'기본-타자'!X8,1) -> 0.6 | P8: =ROUND('기본-타자'!Q8/G8*100,1) -> 6.3 | Q8: =ROUND(('기본-타자'!N8-'기본-타자'!Q8)/('기본-타자'!L8-'기본-타자'!X8-'기본-타자'!Q8+'기본-타자'!Z8),3) -> 0.337 | R8: =ROUND('기본-타자'!AB8-'기본-타자'!AA8,3) -> 0.093 | S8: =ROUND('기본-타자'!AC8-'기본-타자'!AA8,3) -> 0.303 | T8: ='기본-타자'!AK8 -> 0 | U8: ='기본-타자'!AL8 -> 0 | V8: ='기본-타자'!AN8 -> 0 | W8: ='기본-타자'!AM8 -> 0 | X8: ='기본-타자'!AI8 -> 0 | Y8: ='기본-타자'!AJ8 -> 0
A9: ='기본-타자'!A9 -> 8 | B9: ='기본-타자'!B9 -> 박찬호 | C9: ='기본-타자'!C9 -> SS | D9: ='기본-타자'!D9 -> DOO | E9: ='기본-타자'!E9 -> 2026 | F9: =ROUND((('기본-타자'!H9)+('기본-타자'!AG9*'기본-타자'!K9/600)+(20*'기본-타자'!K9/600))/'연도별 상수'!$U$46,2) -> 1.73 | G9: ='기본-타자'!K9 -> 368 | H9: ='기본-타자'!O9+'기본-타자'!P9+'기본-타자'!Q9 -> 24 | I9: =ROUND('기본-타자'!AE9,3) -> 0.343 | J9: =ROUND(((I9-'리그 타자'!$B$46)/'연도별 상수'!$T$46+'연도별 상수'!$W$46)*G9,1) -> 46.7 | K9: ='기본-타자'!G9 -> 110.7 | L9: =ROUND(100*('기본-타자'!AB9/'리그 타자'!$R$46+'기본-타자'!AC9/'리그 타자'!$S$46-1)/'기본-타자'!AH9,1) -> 112 | M9: =ROUND('기본-타자'!X9/G9*100,1) -> 13.6 | N9: =ROUND('기본-타자'!U9/G9*100,1) -> 9.8 | O9: =ROUND('기본-타자'!U9/'기본-타자'!X9,1) -> 0.7 | P9: =ROUND('기본-타자'!Q9/G9*100,1) -> 1.1 | Q9: =ROUND(('기본-타자'!N9-'기본-타자'!Q9)/('기본-타자'!L9-'기본-타자'!X9-'기본-타자'!Q9+'기본-타자'!Z9),3) -> 0.32 | R9: =ROUND('기본-타자'!AB9-'기본-타자'!AA9,3) -> 0.074 | S9: =ROUND('기본-타자'!AC9-'기본-타자'!AA9,3) -> 0.107 | T9: ='기본-타자'!AK9 -> 0 | U9: ='기본-타자'!AL9 -> 0 | V9: ='기본-타자'!AN9 -> 0 | W9: ='기본-타자'!AM9 -> 0 | X9: ='기본-타자'!AI9 -> 0 | Y9: ='기본-타자'!AJ9 -> 0
A10: ='기본-타자'!A10 -> 9 | B10: ='기본-타자'!B10 -> 최원준 | C10: ='기본-타자'!C10 -> RF | D10: ='기본-타자'!D10 -> KT | E10: ='기본-타자'!E10 -> 2026 | F10: =ROUND((('기본-타자'!H10)+('기본-타자'!AG10*'기본-타자'!K10/600)+(20*'기본-타자'!K10/600))/'연도별 상수'!$U$46,2) -> 3.17 | G10: ='기본-타자'!K10 -> 373 | H10: ='기본-타자'!O10+'기본-타자'!P10+'기본-타자'!Q10 -> 30 | I10: =ROUND('기본-타자'!AE10,3) -> 0.432 | J10: =ROUND(((I10-'리그 타자'!$B$46)/'연도별 상수'!$T$46+'연도별 상수'!$W$46)*G10,1) -> 74.1 | K10: ='기본-타자'!G10 -> 146.4 | L10: =ROUND(100*('기본-타자'!AB10/'리그 타자'!$R$46+'기본-타자'!AC10/'리그 타자'!$S$46-1)/'기본-타자'!AH10,1) -> 142.2 | M10: =ROUND('기본-타자'!X10/G10*100,1) -> 14.5 | N10: =ROUND('기본-타자'!U10/G10*100,1) -> 11 | O10: =ROUND('기본-타자'!U10/'기본-타자'!X10,1) -> 0.8 | P10: =ROUND('기본-타자'!Q10/G10*100,1) -> 1.9 | Q10: =ROUND(('기본-타자'!N10-'기본-타자'!Q10)/('기본-타자'!L10-'기본-타자'!X10-'기본-타자'!Q10+'기본-타자'!Z10),3) -> 0.416 | R10: =ROUND('기본-타자'!AB10-'기본-타자'!AA10,3) -> 0.078 | S10: =ROUND('기본-타자'!AC10-'기본-타자'!AA10,3) -> 0.146 | T10: ='기본-타자'!AK10 -> 0 | U10: ='기본-타자'!AL10 -> 0 | V10: ='기본-타자'!AN10 -> 0 | W10: ='기본-타자'!AM10 -> 0 | X10: ='기본-타자'!AI10 -> 0 | Y10: ='기본-타자'!AJ10 -> 0
A11: ='기본-타자'!A11 -> 10 | B11: ='기본-타자'!B11 -> 박해민 | C11: ='기본-타자'!C11 -> CF | D11: ='기본-타자'!D11 -> LG | E11: ='기본-타자'!E11 -> 2026 | F11: =ROUND((('기본-타자'!H11)+('기본-타자'!AG11*'기본-타자'!K11/600)+(20*'기본-타자'!K11/600))/'연도별 상수'!$U$46,2) -> 1.26 | G11: ='기본-타자'!K11 -> 336 | H11: ='기본-타자'!O11+'기본-타자'!P11+'기본-타자'!Q11 -> 15 | I11: =ROUND('기본-타자'!AE11,3) -> 0.34 | J11: =ROUND(((I11-'리그 타자'!$B$46)/'연도별 상수'!$T$46+'연도별 상수'!$W$46)*G11,1) -> 41.8 | K11: ='기본-타자'!G11 -> 108.9 | L11: =ROUND(100*('기본-타자'!AB11/'리그 타자'!$R$46+'기본-타자'!AC11/'리그 타자'!$S$46-1)/'기본-타자'!AH11,1) -> 107.8 | M11: =ROUND('기본-타자'!X11/G11*100,1) -> 13.1 | N11: =ROUND('기본-타자'!U11/G11*100,1) -> 8 | O11: =ROUND('기본-타자'!U11/'기본-타자'!X11,1) -> 0.6 | P11: =ROUND('기본-타자'!Q11/G11*100,1) -> 0.9 | Q11: =ROUND(('기본-타자'!N11-'기본-타자'!Q11)/('기본-타자'!L11-'기본-타자'!X11-'기본-타자'!Q11+'기본-타자'!Z11),3) -> 0.328 | R11: =ROUND('기본-타자'!AB11-'기본-타자'!AA11,3) -> 0.071 | S11: =ROUND('기본-타자'!AC11-'기본-타자'!AA11,3) -> 0.074 | T11: ='기본-타자'!AK11 -> 0 | U11: ='기본-타자'!AL11 -> 0 | V11: ='기본-타자'!AN11 -> 0 | W11: ='기본-타자'!AM11 -> 0 | X11: ='기본-타자'!AI11 -> 0 | Y11: ='기본-타자'!AJ11 -> 0
A12: ='기본-타자'!A12 -> 11 | B12: ='기본-타자'!B12 -> 김지찬 | C12: ='기본-타자'!C12 -> CF | D12: ='기본-타자'!D12 -> SAM | E12: ='기본-타자'!E12 -> 2026 | F12: =ROUND((('기본-타자'!H12)+('기본-타자'!AG12*'기본-타자'!K12/600)+(20*'기본-타자'!K12/600))/'연도별 상수'!$U$46,2) -> 1.69 | G12: ='기본-타자'!K12 -> 321 | H12: ='기본-타자'!O12+'기본-타자'!P12+'기본-타자'!Q12 -> 8 | I12: =ROUND('기본-타자'!AE12,3) -> 0.362 | J12: =ROUND(((I12-'리그 타자'!$B$46)/'연도별 상수'!$T$46+'연도별 상수'!$W$46)*G12,1) -> 45.7 | K12: ='기본-타자'!G12 -> 104.2 | L12: =ROUND(100*('기본-타자'!AB12/'리그 타자'!$R$46+'기본-타자'!AC12/'리그 타자'!$S$46-1)/'기본-타자'!AH12,1) -> 98.3 | M12: =ROUND('기본-타자'!X12/G12*100,1) -> 6.9 | N12: =ROUND('기본-타자'!U12/G12*100,1) -> 13.1 | O12: =ROUND('기본-타자'!U12/'기본-타자'!X12,1) -> 1.9 | P12: =ROUND('기본-타자'!Q12/G12*100,1) -> 0 | Q12: =ROUND(('기본-타자'!N12-'기본-타자'!Q12)/('기본-타자'!L12-'기본-타자'!X12-'기본-타자'!Q12+'기본-타자'!Z12),3) -> 0.337 | R12: =ROUND('기본-타자'!AB12-'기본-타자'!AA12,3) -> 0.097 | S12: =ROUND('기본-타자'!AC12-'기본-타자'!AA12,3) -> 0.038 | T12: ='기본-타자'!AK12 -> 0 | U12: ='기본-타자'!AL12 -> 0 | V12: ='기본-타자'!AN12 -> 0 | W12: ='기본-타자'!AM12 -> 0 | X12: ='기본-타자'!AI12 -> 0 | Y12: ='기본-타자'!AJ12 -> 0
A13: ='기본-타자'!A13 -> 12 | B13: ='기본-타자'!B13 -> 힐리어드 | C13: ='기본-타자'!C13 -> CF | D13: ='기본-타자'!D13 -> KT | E13: ='기본-타자'!E13 -> 2026 | F13: =ROUND((('기본-타자'!H13)+('기본-타자'!AG13*'기본-타자'!K13/600)+(20*'기본-타자'!K13/600))/'연도별 상수'!$U$46,2) -> 2.39 | G13: ='기본-타자'!K13 -> 366 | H13: ='기본-타자'!O13+'기본-타자'!P13+'기본-타자'!Q13 -> 37 | I13: =ROUND('기본-타자'!AE13,3) -> 0.395 | J13: =ROUND(((I13-'리그 타자'!$B$46)/'연도별 상수'!$T$46+'연도별 상수'!$W$46)*G13,1) -> 61.8 | K13: ='기본-타자'!G13 -> 123.3 | L13: =ROUND(100*('기본-타자'!AB13/'리그 타자'!$R$46+'기본-타자'!AC13/'리그 타자'!$S$46-1)/'기본-타자'!AH13,1) -> 126.4 | M13: =ROUND('기본-타자'!X13/G13*100,1) -> 27 | N13: =ROUND('기본-타자'!U13/G13*100,1) -> 9.8 | O13: =ROUND('기본-타자'!U13/'기본-타자'!X13,1) -> 0.4 | P13: =ROUND('기본-타자'!Q13/G13*100,1) -> 5.5 | Q13: =ROUND(('기본-타자'!N13-'기본-타자'!Q13)/('기본-타자'!L13-'기본-타자'!X13-'기본-타자'!Q13+'기본-타자'!Z13),3) -> 0.355 | R13: =ROUND('기본-타자'!AB13-'기본-타자'!AA13,3) -> 0.067 | S13: =ROUND('기본-타자'!AC13-'기본-타자'!AA13,3) -> 0.246 | T13: ='기본-타자'!AK13 -> 0 | U13: ='기본-타자'!AL13 -> 0 | V13: ='기본-타자'!AN13 -> 0 | W13: ='기본-타자'!AM13 -> 0 | X13: ='기본-타자'!AI13 -> 0 | Y13: ='기본-타자'!AJ13 -> 0
... A77: ='기본-타자'!A77 -> 76 | B77: ='기본-타자'!B77 -> 전준우 | C77: ='기본-타자'!C77 -> DH | D77: ='기본-타자'!D77 -> LOT | E77: ='기본-타자'!E77 -> 2026 | F77: =ROUND((('기본-타자'!H77)+('기본-타자'!AG77*'기본-타자'!K77/600)+(20*'기본-타자'!K77/600))/'연도별 상수'!$U$46,2) -> -0.87 | G77: ='기본-타자'!K77 -> 193 | H77: ='기본-타자'!O77+'기본-타자'!P77+'기본-타자'!Q77 -> 8 | I77: =ROUND('기본-타자'!AE77,3) -> 0.265 | J77: =ROUND(((I77-'리그 타자'!$B$46)/'연도별 상수'!$T$46+'연도별 상수'!$W$46)*G77,1) -> 12.3 | K77: ='기본-타자'!G77 -> 33 | L77: =ROUND(100*('기본-타자'!AB77/'리그 타자'!$R$46+'기본-타자'!AC77/'리그 타자'!$S$46-1)/'기본-타자'!AH77,1) -> 43.8 | M77: =ROUND('기본-타자'!X77/G77*100,1) -> 15 | N77: =ROUND('기본-타자'!U77/G77*100,1) -> 6.7 | O77: =ROUND('기본-타자'!U77/'기본-타자'!X77,1) -> 0.4 | P77: =ROUND('기본-타자'!Q77/G77*100,1) -> 1 | Q77: =ROUND(('기본-타자'!N77-'기본-타자'!Q77)/('기본-타자'!L77-'기본-타자'!X77-'기본-타자'!Q77+'기본-타자'!Z77),3) -> 0.255 | R77: =ROUND('기본-타자'!AB77-'기본-타자'!AA77,3) -> 0.05 | S77: =ROUND('기본-타자'!AC77-'기본-타자'!AA77,3) -> 0.067 | T77: ='기본-타자'!AK77 -> 0 | U77: ='기본-타자'!AL77 -> 0 | V77: ='기본-타자'!AN77 -> 0 | W77: ='기본-타자'!AM77 -> 0 | X77: ='기본-타자'!AI77 -> 0 | Y77: ='기본-타자'!AJ77 -> 0

Sheet 수비-타자
A1: RK | B1: Player | C1: Pos | D1: Team | E1: Year | F1: Runs Prevented | G1: OAA | H1: IP | I1: ='연도별 상수'!$AE3 -> 1B | J1: ='연도별 상수'!$AE4 -> 2B | K1: ='연도별 상수'!$AE5 -> 3B | L1: ='연도별 상수'!$AE6 -> SS | M1: ='연도별 상수'!$AE7 -> LF | N1: ='연도별 상수'!$AE8 -> CF | O1: ='연도별 상수'!$AE9 -> RF | P1: IP | Q1: ='연도별 상수'!$AE3 -> 1B | R1: ='연도별 상수'!$AE4 -> 2B | S1: ='연도별 상수'!$AE5 -> 3B | T1: ='연도별 상수'!$AE6 -> SS | U1: ='연도별 상수'!$AE7 -> LF | V1: ='연도별 상수'!$AE8 -> CF | W1: ='연도별 상수'!$AE9 -> RF | X1: =SUM(I2:L9566) -> -25 | Y1: =SUM(M2:O9566) -> -12 | Z1: =SUM(X1:Y1) -> -37
A2: 1 | B2: 박해민 | C2: CF | D2: LG | E2: ='연도별 상수'!$A$46 -> 2026 | F2: =ROUND((I2*0.65)+(J2*0.7)+(K2*0.65)+(L2*0.75)+(M2*0.65)+(N2*0.8)+(O2*0.7),0) -> 5 | G2: =SUM(I2:O2) -> 6 | H2: =SUM(Q2:W2) -> 255.33333 | N2: 6 | V2: =255+1/3 -> 255.33333
A3: 2 | B3: 신민재 | C3: 2B | D3: LG | E3: ='연도별 상수'!$A$46 -> 2026 | F3: =ROUND((I3*0.65)+(J3*0.7)+(K3*0.65)+(L3*0.75)+(M3*0.65)+(N3*0.8)+(O3*0.7),0) -> 4 | G3: =SUM(I3:O3) -> 5 | H3: =SUM(Q3:W3) -> 239.33333 | J3: 5 | R3: =239+1/3 -> 239.33333
A4: 3 | B4: 박찬호 | C4: SS | D4: DOO | E4: ='연도별 상수'!$A$46 -> 2026 | F4: =ROUND((I4*0.65)+(J4*0.7)+(K4*0.65)+(L4*0.75)+(M4*0.65)+(N4*0.8)+(O4*0.7),0) -> 3 | G4: =SUM(I4:O4) -> 4 | H4: =SUM(Q4:W4) -> 267 | L4: 4 | T4: 267
A5: 4 | B5: 최지훈 | C5: CF | D5: SSG | E5: ='연도별 상수'!$A$46 -> 2026 | F5: =ROUND((I5*0.65)+(J5*0.7)+(K5*0.65)+(L5*0.75)+(M5*0.65)+(N5*0.8)+(O5*0.7),0) -> 3 | G5: =SUM(I5:O5) -> 4 | H5: =SUM(Q5:W5) -> 269.33333 | N5: 4 | V5: =269+1/3 -> 269.33333
A6: 5 | B6: 노시환 | C6: 3B | D6: HAN | E6: ='연도별 상수'!$A$46 -> 2026 | F6: =ROUND((I6*0.65)+(J6*0.7)+(K6*0.65)+(L6*0.75)+(M6*0.65)+(N6*0.8)+(O6*0.7),0) -> 2 | G6: =SUM(I6:O6) -> 3 | H6: =SUM(Q6:W6) -> 214 | K6: 3 | S6: =214 -> 214
A7: 6 | B7: 김지찬 | C7: CF | D7: SAM | E7: ='연도별 상수'!$A$46 -> 2026 | F7: =ROUND((I7*0.65)+(J7*0.7)+(K7*0.65)+(L7*0.75)+(M7*0.65)+(N7*0.8)+(O7*0.7),0) -> 2 | G7: =SUM(I7:O7) -> 3 | H7: =SUM(Q7:W7) -> 220.66667 | N7: 3 | V7: =220+2/3 -> 220.66667
A8: 7 | B8: 김상수 | C8: 2B | D8: KT | E8: ='연도별 상수'!$A$46 -> 2026 | F8: =ROUND((I8*0.65)+(J8*0.7)+(K8*0.65)+(L8*0.75)+(M8*0.65)+(N8*0.8)+(O8*0.7),0) -> 2 | G8: =SUM(I8:O8) -> 3 | H8: =SUM(Q8:W8) -> 241 | J8: 3 | R8: 241
A9: 8 | B9: 김주원 | C9: SS | D9: NC | E9: ='연도별 상수'!$A$46 -> 2026 | F9: =ROUND((I9*0.65)+(J9*0.7)+(K9*0.65)+(L9*0.75)+(M9*0.65)+(N9*0.8)+(O9*0.7),0) -> 2 | G9: =SUM(I9:O9) -> 2 | H9: =SUM(Q9:W9) -> 251 | L9: 2 | T9: 251
A10: 9 | B10: 정수빈 | C10: CF | D10: DOO | E10: ='연도별 상수'!$A$46 -> 2026 | F10: =ROUND((I10*0.65)+(J10*0.7)+(K10*0.65)+(L10*0.75)+(M10*0.65)+(N10*0.8)+(O10*0.7),0) -> 2 | G10: =SUM(I10:O10) -> 2 | H10: =SUM(Q10:W10) -> 267 | N10: 2 | V10: 267
A11: 10 | B11: 김호령 | C11: CF | D11: KIA | E11: ='연도별 상수'!$A$46 -> 2026 | F11: =ROUND((I11*0.65)+(J11*0.7)+(K11*0.65)+(L11*0.75)+(M11*0.65)+(N11*0.8)+(O11*0.7),0) -> 2 | G11: =SUM(I11:O11) -> 2 | H11: =SUM(Q11:W11) -> 275 | N11: 2 | V11: 275
A12: 11 | B12: 김영웅 | C12: 3B | D12: SAM | E12: ='연도별 상수'!$A$46 -> 2026 | F12: =ROUND((I12*0.65)+(J12*0.7)+(K12*0.65)+(L12*0.75)+(M12*0.65)+(N12*0.8)+(O12*0.7),0) -> 1 | G12: =SUM(I12:O12) -> 2 | H12: =SUM(Q12:W12) -> 88 | K12: 2 | S12: 88
A13: 12 | B13: 안재석 | C13: 3B | D13: DOO | E13: ='연도별 상수'!$A$46 -> 2026 | F13: =ROUND((I13*0.65)+(J13*0.7)+(K13*0.65)+(L13*0.75)+(M13*0.65)+(N13*0.8)+(O13*0.7),0) -> 1 | G13: =SUM(I13:O13) -> 2 | H13: =SUM(Q13:W13) -> 171 | K13: 2 | S13: 171
A14: 13 | B14: 정준재 | C14: 2B | D14: SSG | E14: ='연도별 상수'!$A$46 -> 2026 | F14: =ROUND((I14*0.65)+(J14*0.7)+(K14*0.65)+(L14*0.75)+(M14*0.65)+(N14*0.8)+(O14*0.7),0) -> 1 | G14: =SUM(I14:O14) -> 2 | H14: =SUM(Q14:W14) -> 196.33333 | J14: 2 | R14: =196+1/3 -> 196.33333
A15: 14 | B15: 홍창기 | C15: RF | D15: LG | E15: ='연도별 상수'!$A$46 -> 2026 | F15: =ROUND((I15*0.65)+(J15*0.7)+(K15*0.65)+(L15*0.75)+(M15*0.65)+(N15*0.8)+(O15*0.7),0) -> 1 | G15: =SUM(I15:O15) -> 2 | H15: =SUM(Q15:W15) -> 223.33333 | O15: 2 | W15: =223+1/3 -> 223.33333
A16: 15 | B16: 오스틴 | C16: 1B | D16: LG | E16: ='연도별 상수'!$A$46 -> 2026 | F16: =ROUND((I16*0.65)+(J16*0.7)+(K16*0.65)+(L16*0.75)+(M16*0.65)+(N16*0.8)+(O16*0.7),0) -> 1 | G16: =SUM(I16:O16) -> 2 | H16: =SUM(Q16:W16) -> 235 | I16: 2 | Q16: 235
A17: 16 | B17: 구본혁 | C17: 3B | D17: LG | E17: ='연도별 상수'!$A$46 -> 2026 | F17: =ROUND((I17*0.65)+(J17*0.7)+(K17*0.65)+(L17*0.75)+(M17*0.65)+(N17*0.8)+(O17*0.7),0) -> 1 | G17: =SUM(I17:O17) -> 1 | H17: =SUM(Q17:W17) -> 66 | K17: 1 | S17: 66
A18: 17 | B18: 황영묵 | C18: 2B | D18: HAN | E18: ='연도별 상수'!$A$46 -> 2026 | F18: =ROUND((I18*0.65)+(J18*0.7)+(K18*0.65)+(L18*0.75)+(M18*0.65)+(N18*0.8)+(O18*0.7),0) -> 1 | G18: =SUM(I18:O18) -> 1 | H18: =SUM(Q18:W18) -> 74 | J18: 1 | R18: 74
A19: 18 | B19: 김성윤 | C19: RF | D19: SAM | E19: ='연도별 상수'!$A$46 -> 2026 | F19: =ROUND((I19*0.65)+(J19*0.7)+(K19*0.65)+(L19*0.75)+(M19*0.65)+(N19*0.8)+(O19*0.7),0) -> 1 | G19: =SUM(I19:O19) -> 1 | H19: =SUM(Q19:W19) -> 98.333333 | O19: 1 | W19: =98+1/3 -> 98.333333
A20: 19 | B20: 황성빈 | C20: CF | D20: LOT | E20: ='연도별 상수'!$A$46 -> 2026 | F20: =ROUND((I20*0.65)+(J20*0.7)+(K20*0.65)+(L20*0.75)+(M20*0.65)+(N20*0.8)+(O20*0.7),0) -> 1 | G20: =SUM(I20:O20) -> 1 | H20: =SUM(Q20:W20) -> 107 | N20: 1 | V20: 107
A21: 20 | B21: 장두성 | C21: CF | D21: LOT | E21: ='연도별 상수'!$A$46 -> 2026 | F21: =ROUND((I21*0.65)+(J21*0.7)+(K21*0.65)+(L21*0.75)+(M21*0.65)+(N21*0.8)+(O21*0.7),0) -> 1 | G21: =SUM(I21:O21) -> 1 | H21: =SUM(Q21:W21) -> 115.66667 | N21: 1 | V21: =115+2/3 -> 115.66667
A22: 21 | B22: 오태콘 | C22: 1B | D22: SSG | E22: ='연도별 상수'!$A$46 -> 2026 | F22: =ROUND((I22*0.65)+(J22*0.7)+(K22*0.65)+(L22*0.75)+(M22*0.65)+(N22*0.8)+(O22*0.7),0) -> 1 | G22: =SUM(I22:O22) -> 1 | H22: =SUM(Q22:W22) -> 147.66667 | I22: 1 | Q22: =147+2/3 -> 147.66667
A23: 22 | B23: 브룩스 | C23: 1B | D23: KIW | E23: ='연도별 상수'!$A$46 -> 2026 | F23: =ROUND((I23*0.65)+(J23*0.7)+(K23*0.65)+(L23*0.75)+(M23*0.65)+(N23*0.8)+(O23*0.7),0) -> 1 | G23: =SUM(I23:O23) -> 1 | H23: =SUM(Q23:W23) -> 159 | I23: 1 | Q23: 159
A24: 23 | B24: 박재현 | C24: RF | D24: KIA | E24: ='연도별 상수'!$A$46 -> 2026 | F24: =ROUND((I24*0.65)+(J24*0.7)+(K24*0.65)+(L24*0.75)+(M24*0.65)+(N24*0.8)+(O24*0.7),0) -> 1 | G24: =SUM(I24:O24) -> 1 | H24: =SUM(Q24:W24) -> 200 | M24: 0 | O24: 1 | U24: =81+1/3 -> 81.333333 | W24: =118+2/3 -> 118.66667
A25: 24 | B25: 디아즈 | C25: 1B | D25: SAM | E25: ='연도별 상수'!$A$46 -> 2026 | F25: =ROUND((I25*0.65)+(J25*0.7)+(K25*0.65)+(L25*0.75)+(M25*0.65)+(N25*0.8)+(O25*0.7),0) -> 1 | G25: =SUM(I25:O25) -> 1 | H25: =SUM(Q25:W25) -> 266 | I25: 1 | Q25: 266
A26: 25 | B26: 에레디아 | C26: LF | D26: SSG | E26: ='연도별 상수'!$A$46 -> 2026 | F26: =ROUND((I26*0.65)+(J26*0.7)+(K26*0.65)+(L26*0.75)+(M26*0.65)+(N26*0.8)+(O26*0.7),0) -> 1 | G26: =SUM(I26:O26) -> 1 | H26: =SUM(Q26:W26) -> 267.33333 | M26: 1 | U26: =267+1/3 -> 267.33333
A27: 26 | B27: 이호준 | C27: 2B | D27: LOT | E27: ='연도별 상수'!$A$46 -> 2026 | F27: =ROUND((I27*0.65)+(J27*0.7)+(K27*0.65)+(L27*0.75)+(M27*0.65)+(N27*0.8)+(O27*0.7),0) -> 0 | G27: =SUM(I27:O27) -> 0 | H27: =SUM(Q27:W27) -> 45.666667 | J27: 0 | R27: =45+2/3 -> 45.666667
A28: 27 | B28: 박승규 | C28: RF | D28: SAM | E28: ='연도별 상수'!$A$46 -> 2026 | F28: =ROUND((I28*0.65)+(J28*0.7)+(K28*0.65)+(L28*0.75)+(M28*0.65)+(N28*0.8)+(O28*0.7),0) -> 0 | G28: =SUM(I28:O28) -> 0 | H28: =SUM(Q28:W28) -> 107.33333 | O28: 0 | W28: =107+1/3 -> 107.33333
A29: 28 | B29: 이원석 | C29: CF | D29: HAN | E29: ='연도별 상수'!$A$46 -> 2026 | F29: =ROUND((I29*0.65)+(J29*0.7)+(K29*0.65)+(L29*0.75)+(M29*0.65)+(N29*0.8)+(O29*0.7),0) -> 0 | G29: =SUM(I29:O29) -> 0 | H29: =SUM(Q29:W29) -> 114 | N29: 0 | V29: =114 -> 114
A30: 29 | B30: 데이비슨 | C30: 1B | D30: NC | E30: ='연도별 상수'!$A$46 -> 2026 | F30: =ROUND((I30*0.65)+(J30*0.7)+(K30*0.65)+(L30*0.75)+(M30*0.65)+(N30*0.8)+(O30*0.7),0) -> 0 | G30: =SUM(I30:O30) -> 0 | H30: =SUM(Q30:W30) -> 120.66667 | I30: 0 | Q30: =120+2/3 -> 120.66667
A31: 30 | B31: 박건우 | C31: RF | D31: NC | E31: ='연도별 상수'!$A$46 -> 2026 | F31: =ROUND((I31*0.65)+(J31*0.7)+(K31*0.65)+(L31*0.75)+(M31*0.65)+(N31*0.8)+(O31*0.7),0) -> 0 | G31: =SUM(I31:O31) -> 0 | H31: =SUM(Q31:W31) -> 160 | O31: 0 | W31: 160
A32: 31 | B32: 전병우 | C32: 3B | D32: SAM | E32: ='연도별 상수'!$A$46 -> 2026 | F32: =ROUND((I32*0.65)+(J32*0.7)+(K32*0.65)+(L32*0.75)+(M32*0.65)+(N32*0.8)+(O32*0.7),0) -> 0 | G32: =SUM(I32:O32) -> 0 | H32: =SUM(Q32:W32) -> 172.33333 | K32: 0 | S32: =172+1/3 -> 172.33333
A33: 32 | B33: 문성주 | C33: LF | D33: LG | E33: ='연도별 상수'!$A$46 -> 2026 | F33: =ROUND((I33*0.65)+(J33*0.7)+(K33*0.65)+(L33*0.75)+(M33*0.65)+(N33*0.8)+(O33*0.7),0) -> 0 | G33: =SUM(I33:O33) -> 0 | H33: =SUM(Q33:W33) -> 174.33333 | M33: 0 | U33: =174+1/3 -> 174.33333
A34: 33 | B34: 윤동희 | C34: RF | D34: LOT | E34: ='연도별 상수'!$A$46 -> 2026 | F34: =ROUND((I34*0.65)+(J34*0.7)+(K34*0.65)+(L34*0.75)+(M34*0.65)+(N34*0.8)+(O34*0.7),0) -> 0 | G34: =SUM(I34:O34) -> 0 | H34: =SUM(Q34:W34) -> 179.33333 | O34: 0 | W34: =179+1/3 -> 179.33333
A35: 34 | B35: 박민우 | C35: 2B | D35: NC | E35: ='연도별 상수'!$A$46 -> 2026 | F35: =ROUND((I35*0.65)+(J35*0.7)+(K35*0.65)+(L35*0.75)+(M35*0.65)+(N35*0.8)+(O35*0.7),0) -> 0 | G35: =SUM(I35:O35) -> 0 | H35: =SUM(Q35:W35) -> 225 | J35: 0 | R35: 225
A36: 35 | B36: 류지혁 | C36: 2B | D36: SAM | E36: ='연도별 상수'!$A$46 -> 2026 | F36: =ROUND((I36*0.65)+(J36*0.7)+(K36*0.65)+(L36*0.75)+(M36*0.65)+(N36*0.8)+(O36*0.7),0) -> 0 | G36: =SUM(I36:O36) -> 0 | H36: =SUM(Q36:W36) -> 232.33333 | J36: 0 | R36: =232+1/3 -> 232.33333
A37: 36 | B37: 이강민 | C37: SS | D37: KT | E37: ='연도별 상수'!$A$46 -> 2026 | F37: =ROUND((I37*0.65)+(J37*0.7)+(K37*0.65)+(L37*0.75)+(M37*0.65)+(N37*0.8)+(O37*0.7),0) -> 0 | G37: =SUM(I37:O37) -> 0 | H37: =SUM(Q37:W37) -> 252 | L37: 0 | T37: 252
A38: 37 | B38: 박지훈 | C38: 3B | D38: DOO | E38: ='연도별 상수'!$A$46 -> 2026 | F38: =ROUND((I38*0.65)+(J38*0.7)+(K38*0.65)+(L38*0.75)+(M38*0.65)+(N38*0.8)+(O38*0.7),0) -> -1 | G38: =SUM(I38:O38) -> -1 | H38: =SUM(Q38:W38) -> 74 | K38: -1 | S38: 74
A39: 38 | B39: 박승욱 | C39: 3B | D39: LOT | E39: ='연도별 상수'!$A$46 -> 2026 | F39: =ROUND((I39*0.65)+(J39*0.7)+(K39*0.65)+(L39*0.75)+(M39*0.65)+(N39*0.8)+(O39*0.7),0) -> -1 | G39: =SUM(I39:O39) -> -1 | H39: =SUM(Q39:W39) -> 84 | K39: -1 | S39: 84
A40: 39 | B40: 박한결 | C40: 2B | D40: KIW | E40: ='연도별 상수'!$A$46 -> 2026 | F40: =ROUND((I40*0.65)+(J40*0.7)+(K40*0.65)+(L40*0.75)+(M40*0.65)+(N40*0.8)+(O40*0.7),0) -> -1 | G40: =SUM(I40:O40) -> -1 | H40: =SUM(Q40:W40) -> 90 | J40: -1 | R40: 90
A41: 40 | B41: 장준원 | C41: 3B | D41: KT | E41: ='연도별 상수'!$A$46 -> 2026 | F41: =ROUND((I41*0.65)+(J41*0.7)+(K41*0.65)+(L41*0.75)+(M41*0.65)+(N41*0.8)+(O41*0.7),0) -> -1 | G41: =SUM(I41:O41) -> -1 | H41: =SUM(Q41:W41) -> 95 | K41: -1 | S41: 95
A42: 41 | B42: 김헌곤 | C42: LF | D42: SAM | E42: ='연도별 상수'!$A$46 -> 2026 | F42: =ROUND((I42*0.65)+(J42*0.7)+(K42*0.65)+(L42*0.75)+(M42*0.65)+(N42*0.8)+(O42*0.7),0) -> -1 | G42: =SUM(I42:O42) -> -1 | H42: =SUM(Q42:W42) -> 97.666667 | M42: -1 | U42: =97+2/3 -> 97.666667
A43: 42 | B43: 배정대 | C43: CF | D43: KT | E43: ='연도별 상수'!$A$46 -> 2026 | F43: =ROUND((I43*0.65)+(J43*0.7)+(K43*0.65)+(L43*0.75)+(M43*0.65)+(N43*0.8)+(O43*0.7),0) -> -1 | G43: =SUM(I43:O43) -> -1 | H43: =SUM(Q43:W43) -> 98 | N43: -1 | V43: 98
A44: 43 | B44: 김휘집 | C44: 3B | D44: NC | E44: ='연도별 상수'!$A$46 -> 2026 | F44: =ROUND((I44*0.65)+(J44*0.7)+(K44*0.65)+(L44*0.75)+(M44*0.65)+(N44*0.8)+(O44*0.7),0) -> -1 | G44: =SUM(I44:O44) -> -1 | H44: =SUM(Q44:W44) -> 109 | K44: -1 | S44: =109 -> 109
A45: 44 | B45: 안현민 | C45: RF | D45: KT | E45: ='연도별 상수'!$A$46 -> 2026 | F45: =ROUND((I45*0.65)+(J45*0.7)+(K45*0.65)+(L45*0.75)+(M45*0.65)+(N45*0.8)+(O45*0.7),0) -> -1 | G45: =SUM(I45:O45) -> -1 | H45: =SUM(Q45:W45) -> 118 | O45: -1 | W45: 118
A46: 45 | B46: 김선빈 | C46: 2B | D46: KIA | E46: ='연도별 상수'!$A$46 -> 2026 | F46: =ROUND((I46*0.65)+(J46*0.7)+(K46*0.65)+(L46*0.75)+(M46*0.65)+(N46*0.8)+(O46*0.7),0) -> -1 | G46: =SUM(I46:O46) -> -1 | H46: =SUM(Q46:W46) -> 123 | J46: -1 | R46: 123
A47: 46 | B47: 김지석 | C47: 3B | D47: KIW | E47: ='연도별 상수'!$A$46 -> 2026 | F47: =ROUND((I47*0.65)+(J47*0.7)+(K47*0.65)+(L47*0.75)+(M47*0.65)+(N47*0.8)+(O47*0.7),0) -> -1 | G47: =SUM(I47:O47) -> -1 | H47: =SUM(Q47:W47) -> 126 | K47: -1 | S47: 126
A48: 47 | B48: 고명준 | C48: 1B | D48: SSG | E48: ='연도별 상수'!$A$46 -> 2026 | F48: =ROUND((I48*0.65)+(J48*0.7)+(K48*0.65)+(L48*0.75)+(M48*0.65)+(N48*0.8)+(O48*0.7),0) -> -1 | G48: =SUM(I48:O48) -> -1 | H48: =SUM(Q48:W48) -> 132 | I48: -1 | Q48: 132
A49: 48 | B49: 이우성 | C49: LF | D49: NC | E49: ='연도별 상수'!$A$46 -> 2026 | F49: =ROUND((I49*0.65)+(J49*0.7)+(K49*0.65)+(L49*0.75)+(M49*0.65)+(N49*0.8)+(O49*0.7),0) -> -1 | G49: =SUM(I49:O49) -> -1 | H49: =SUM(Q49:W49) -> 140.33333 | M49: -1 | U49: =140+1/3 -> 140.33333
A50: 49 | B50: 카스트로 | C50: LF | D50: KIA | E50: ='연도별 상수'!$A$46 -> 2026 | F50: =ROUND((I50*0.65)+(J50*0.7)+(K50*0.65)+(L50*0.75)+(M50*0.65)+(N50*0.8)+(O50*0.7),0) -> -1 | G50: =SUM(I50:O50) -> -1 | H50: =SUM(Q50:W50) -> 155.33333 | M50: -1 | U50: =155+1/3 -> 155.33333
A51: 50 | B51: 이주형 | C51: CF | D51: KIW | E51: ='연도별 상수'!$A$46 -> 2026 | F51: =ROUND((I51*0.65)+(J51*0.7)+(K51*0.65)+(L51*0.75)+(M51*0.65)+(N51*0.8)+(O51*0.7),0) -> -1 | G51: =SUM(I51:O51) -> -1 | H51: =SUM(Q51:W51) -> 157.66667 | N51: -1 | V51: =157+2/3 -> 157.66667
A52: 51 | B52: 최주환 | C52: 1B | D52: KIW | E52: ='연도별 상수'!$A$46 -> 2026 | F52: =ROUND((I52*0.65)+(J52*0.7)+(K52*0.65)+(L52*0.75)+(M52*0.65)+(N52*0.8)+(O52*0.7),0) -> -1 | G52: =SUM(I52:O52) -> -1 | H52: =SUM(Q52:W52) -> 179.66667 | I52: 0 | K52: -1 | Q52: =107+2/3 -> 107.66667 | S52: 72
A53: 52 | B53: 한태양 | C53: 2B | D53: LOT | E53: ='연도별 상수'!$A$46 -> 2026 | F53: =ROUND((I53*0.65)+(J53*0.7)+(K53*0.65)+(L53*0.75)+(M53*0.65)+(N53*0.8)+(O53*0.7),0) -> -1 | G53: =SUM(I53:O53) -> -1 | H53: =SUM(Q53:W53) -> 195 | J53: -1 | R53: 195
A54: 53 | B54: 노진혁 | C54: 1B | D54: LOT | E54: ='연도별 상수'!$A$46 -> 2026 | F54: =ROUND((I54*0.65)+(J54*0.7)+(K54*0.65)+(L54*0.75)+(M54*0.65)+(N54*0.8)+(O54*0.7),0) -> -1 | G54: =SUM(I54:O54) -> -1 | H54: =SUM(Q54:W54) -> 238.33333 | I54: -1 | Q54: =238+1/3 -> 238.33333
A55: 54 | B55: 박성한 | C55: SS | D55: SSG | E55: ='연도별 상수'!$A$46 -> 2026 | F55: =ROUND((I55*0.65)+(J55*0.7)+(K55*0.65)+(L55*0.75)+(M55*0.65)+(N55*0.8)+(O55*0.7),0) -> -1 | G55: =SUM(I55:O55) -> -1 | H55: =SUM(Q55:W55) -> 260 | L55: -1 | T55: 260
A56: 55 | B56: 힐리어드 | C56: LF | D56: KT | E56: ='연도별 상수'!$A$46 -> 2026 | F56: =ROUND((I56*0.65)+(J56*0.7)+(K56*0.65)+(L56*0.75)+(M56*0.65)+(N56*0.8)+(O56*0.7),0) -> -1 | G56: =SUM(I56:O56) -> -1 | H56: =SUM(Q56:W56) -> 269 | M56: 0 | N56: -1 | U56: 206 | V56: 63
A57: 56 | B57: 안상현 | C57: 2B | D57: SSG | E57: ='연도별 상수'!$A$46 -> 2026 | F57: =ROUND((I57*0.65)+(J57*0.7)+(K57*0.65)+(L57*0.75)+(M57*0.65)+(N57*0.8)+(O57*0.7),0) -> -1 | G57: =SUM(I57:O57) -> -2 | H57: =SUM(Q57:W57) -> 77 | J57: -2 | R57: 77
A58: 57 | B58: 구자욱 | C58: LF | D58: SAM | E58: ='연도별 상수'!$A$46 -> 2026 | F58: =ROUND((I58*0.65)+(J58*0.7)+(K58*0.65)+(L58*0.75)+(M58*0.65)+(N58*0.8)+(O58*0.7),0) -> -1 | G58: =SUM(I58:O58) -> -2 | H58: =SUM(Q58:W58) -> 92 | M58: -2 | U58: 92
A59: 58 | B59: 안치홍 | C59: 2B | D59: KIW | E59: ='연도별 상수'!$A$46 -> 2026 | F59: =ROUND((I59*0.65)+(J59*0.7)+(K59*0.65)+(L59*0.75)+(M59*0.65)+(N59*0.8)+(O59*0.7),0) -> -1 | G59: =SUM(I59:O59) -> -2 | H59: =SUM(Q59:W59) -> 110 | J59: -2 | R59: 110
A60: 59 | B60: 나성범 | C60: RF | D60: KIA | E60: ='연도별 상수'!$A$46 -> 2026 | F60: =ROUND((I60*0.65)+(J60*0.7)+(K60*0.65)+(L60*0.75)+(M60*0.65)+(N60*0.8)+(O60*0.7),0) -> -1 | G60: =SUM(I60:O60) -> -2 | H60: =SUM(Q60:W60) -> 137 | O60: -2 | W60: 137
A61: 60 | B61: 하주석 | C61: 2B | D61: HAN | E61: ='연도별 상수'!$A$46 -> 2026 | F61: =ROUND((I61*0.65)+(J61*0.7)+(K61*0.65)+(L61*0.75)+(M61*0.65)+(N61*0.8)+(O61*0.7),0) -> -1 | G61: =SUM(I61:O61) -> -2 | H61: =SUM(Q61:W61) -> 170 | J61: -2 | R61: 170
A62: 61 | B62: 레이예스 | C62: LF | D62: LOT | E62: ='연도별 상수'!$A$46 -> 2026 | F62: =ROUND((I62*0.65)+(J62*0.7)+(K62*0.65)+(L62*0.75)+(M62*0.65)+(N62*0.8)+(O62*0.7),0) -> -1 | G62: =SUM(I62:O62) -> -2 | H62: =SUM(Q62:W62) -> 189 | M62: -2 | U62: 189
A63: 62 | B63: 김민석 | C63: LF | D63: DOO | E63: ='연도별 상수'!$A$46 -> 2026 | F63: =ROUND((I63*0.65)+(J63*0.7)+(K63*0.65)+(L63*0.75)+(M63*0.65)+(N63*0.8)+(O63*0.7),0) -> -1 | G63: =SUM(I63:O63) -> -2 | H63: =SUM(Q63:W63) -> 192 | M63: -2 | U63: 192
A64: 63 | B64: 김현수 | C64: 1B | D64: KT | E64: ='연도별 상수'!$A$46 -> 2026 | F64: =ROUND((I64*0.65)+(J64*0.7)+(K64*0.65)+(L64*0.75)+(M64*0.65)+(N64*0.8)+(O64*0.7),0) -> -1 | G64: =SUM(I64:O64) -> -2 | H64: =SUM(Q64:W64) -> 209 | I64: -2 | Q64: 209
A65: 64 | B65: 카메론 | C65: RF | D65: DOO | E65: ='연도별 상수'!$A$46 -> 2026 | F65: =ROUND((I65*0.65)+(J65*0.7)+(K65*0.65)+(L65*0.75)+(M65*0.65)+(N65*0.8)+(O65*0.7),0) -> -1 | G65: =SUM(I65:O65) -> -2 | H65: =SUM(Q65:W65) -> 220 | O65: -2 | W65: 220
A66: 65 | B66: 김도영 | C66: 3B | D66: KIA | E66: ='연도별 상수'!$A$46 -> 2026 | F66: =ROUND((I66*0.65)+(J66*0.7)+(K66*0.65)+(L66*0.75)+(M66*0.65)+(N66*0.8)+(O66*0.7),0) -> -1 | G66: =SUM(I66:O66) -> -2 | H66: =SUM(Q66:W66) -> 243.66667 | K66: -2 | S66: =243+2/3 -> 243.66667
A67: 66 | B67: 문현빈 | C67: LF | D67: HAN | E67: ='연도별 상수'!$A$46 -> 2026 | F67: =ROUND((I67*0.65)+(J67*0.7)+(K67*0.65)+(L67*0.75)+(M67*0.65)+(N67*0.8)+(O67*0.7),0) -> -1 | G67: =SUM(I67:O67) -> -2 | H67: =SUM(Q67:W67) -> 248 | M67: -2 | U67: 248
A68: 67 | B68: 최정 | C68: 3B | D68: SSG | E68: ='연도별 상수'!$A$46 -> 2026 | F68: =ROUND((I68*0.65)+(J68*0.7)+(K68*0.65)+(L68*0.75)+(M68*0.65)+(N68*0.8)+(O68*0.7),0) -> -1 | G68: =SUM(I68:O68) -> -2 | H68: =SUM(Q68:W68) -> 254 | K68: -2 | S68: 254
A69: 68 | B69: 어준서 | C69: SS | D69: KIW | E69: ='연도별 상수'!$A$46 -> 2026 | F69: =ROUND((I69*0.65)+(J69*0.7)+(K69*0.65)+(L69*0.75)+(M69*0.65)+(N69*0.8)+(O69*0.7),0) -> -2 | G69: =SUM(I69:O69) -> -2 | H69: =SUM(Q69:W69) -> 104.66667 | L69: -2 | T69: =104+2/3 -> 104.66667
A70: 69 | B70: 오재원 | C70: CF | D70: HAN | E70: ='연도별 상수'!$A$46 -> 2026 | F70: =ROUND((I70*0.65)+(J70*0.7)+(K70*0.65)+(L70*0.75)+(M70*0.65)+(N70*0.8)+(O70*0.7),0) -> -2 | G70: =SUM(I70:O70) -> -2 | H70: =SUM(Q70:W70) -> 122 | N70: -2 | V70: =122 -> 122
A71: 70 | B71: 심우준 | C71: SS | D71: HAN | E71: ='연도별 상수'!$A$46 -> 2026 | F71: =ROUND((I71*0.65)+(J71*0.7)+(K71*0.65)+(L71*0.75)+(M71*0.65)+(N71*0.8)+(O71*0.7),0) -> -2 | G71: =SUM(I71:O71) -> -2 | H71: =SUM(Q71:W71) -> 189 | L71: -2 | T71: 189
A72: 71 | B72: 오지환 | C72: SS | D72: LG | E72: ='연도별 상수'!$A$46 -> 2026 | F72: =ROUND((I72*0.65)+(J72*0.7)+(K72*0.65)+(L72*0.75)+(M72*0.65)+(N72*0.8)+(O72*0.7),0) -> -2 | G72: =SUM(I72:O72) -> -2 | H72: =SUM(Q72:W72) -> 202 | L72: -2 | T72: 202
A73: 72 | B73: 전민재 | C73: SS | D73: LOT | E73: ='연도별 상수'!$A$46 -> 2026 | F73: =ROUND((I73*0.65)+(J73*0.7)+(K73*0.65)+(L73*0.75)+(M73*0.65)+(N73*0.8)+(O73*0.7),0) -> -2 | G73: =SUM(I73:O73) -> -2 | H73: =SUM(Q73:W73) -> 236.33333 | L73: -2 | T73: =236+1/3 -> 236.33333
A74: 73 | B74: 한유섬 | C74: RF | D74: SSG | E74: ='연도별 상수'!$A$46 -> 2026 | F74: =ROUND((I74*0.65)+(J74*0.7)+(K74*0.65)+(L74*0.75)+(M74*0.65)+(N74*0.8)+(O74*0.7),0) -> -2 | G74: =SUM(I74:O74) -> -3 | H74: =SUM(Q74:W74) -> 120 | O74: -3 | W74: 120
A75: 74 | B75: 이재현 | C75: SS | D75: SAM | E75: ='연도별 상수'!$A$46 -> 2026 | F75: =ROUND((I75*0.65)+(J75*0.7)+(K75*0.65)+(L75*0.75)+(M75*0.65)+(N75*0.8)+(O75*0.7),0) -> -2 | G75: =SUM(I75:O75) -> -3 | H75: =SUM(Q75:W75) -> 131 | L75: -3 | T75: =131 -> 131
A76: 75 | B76: 양석환 | C76: 1B | D76: DOO | E76: ='연도별 상수'!$A$46 -> 2026 | F76: =ROUND((I76*0.65)+(J76*0.7)+(K76*0.65)+(L76*0.75)+(M76*0.65)+(N76*0.8)+(O76*0.7),0) -> -2 | G76: =SUM(I76:O76) -> -3 | H76: =SUM(Q76:W76) -> 175 | I76: -3 | Q76: 175
A77: 76 | B77: 천성호 | C77: 3B | D77: LG | E77: ='연도별 상수'!$A$46 -> 2026 | F77: =ROUND((I77*0.65)+(J77*0.7)+(K77*0.65)+(L77*0.75)+(M77*0.65)+(N77*0.8)+(O77*0.7),0) -> -2 | G77: =SUM(I77:O77) -> -3 | H77: =SUM(Q77:W77) -> 198 | K77: -3 | S77: 198
A78: 77 | B78: 박준순 | C78: 2B | D78: DOO | E78: ='연도별 상수'!$A$46 -> 2026 | F78: =ROUND((I78*0.65)+(J78*0.7)+(K78*0.65)+(L78*0.75)+(M78*0.65)+(N78*0.8)+(O78*0.7),0) -> -2 | G78: =SUM(I78:O78) -> -3 | H78: =SUM(Q78:W78) -> 224.33333 | J78: -3 | R78: =224+1/3 -> 224.33333
A79: 78 | B79: 채은성 | C79: 1B | D79: HAN | E79: ='연도별 상수'!$A$46 -> 2026 | F79: =ROUND((I79*0.65)+(J79*0.7)+(K79*0.65)+(L79*0.75)+(M79*0.65)+(N79*0.8)+(O79*0.7),0) -> -2 | G79: =SUM(I79:O79) -> -3 | H79: =SUM(Q79:W79) -> 224.33333 | I79: -3 | Q79: =224+1/3 -> 224.33333
A80: 79 | B80: 한동희 | C80: 3B | D80: LOT | E80: ='연도별 상수'!$A$46 -> 2026 | F80: =ROUND((I80*0.65)+(J80*0.7)+(K80*0.65)+(L80*0.75)+(M80*0.65)+(N80*0.8)+(O80*0.7),0) -> -3 | G80: =SUM(I80:O80) -> -4 | H80: =SUM(Q80:W80) -> 134 | K80: -4 | S80: 134
A81: 80 | B81: 최정원 | C81: CF | D81: NC | E81: ='연도별 상수'!$A$46 -> 2026 | F81: =ROUND((I81*0.65)+(J81*0.7)+(K81*0.65)+(L81*0.75)+(M81*0.65)+(N81*0.8)+(O81*0.7),0) -> -3 | G81: =SUM(I81:O81) -> -4 | H81: =SUM(Q81:W81) -> 200.33333 | N81: -4 | V81: =200+1/3 -> 200.33333
A82: 81 | B82: 데일 | C82: SS | D82: KIA | E82: ='연도별 상수'!$A$46 -> 2026 | F82: =ROUND((I82*0.65)+(J82*0.7)+(K82*0.65)+(L82*0.75)+(M82*0.65)+(N82*0.8)+(O82*0.7),0) -> -3 | G82: =SUM(I82:O82) -> -4 | H82: =SUM(Q82:W82) -> 230.33333 | J82: -1 | L82: -3 | R82: 65 | T82: =165+1/3 -> 165.33333
A83: 82 | B83: 페라자 | C83: RF | D83: HAN | E83: ='연도별 상수'!$A$46 -> 2026 | F83: =ROUND((I83*0.65)+(J83*0.7)+(K83*0.65)+(L83*0.75)+(M83*0.65)+(N83*0.8)+(O83*0.7),0) -> -3 | G83: =SUM(I83:O83) -> -4 | H83: =SUM(Q83:W83) -> 258 | O83: -4 | W83: 258
A84: 83 | B84: 최원준 | C84: RF | D84: KT | E84: ='연도별 상수'!$A$46 -> 2026 | F84: =ROUND((I84*0.65)+(J84*0.7)+(K84*0.65)+(L84*0.75)+(M84*0.65)+(N84*0.8)+(O84*0.7),0) -> -3 | G84: =SUM(I84:O84) -> -4 | H84: =SUM(Q84:W84) -> 268 | N84: -3 | O84: -1 | V84: 111 | W84: 157

Sheet Sheet1
C1: 순위 | D1: 선수명 | E1: 팀명 | F1: AVG | G1: BB | H1: HBP | I1: IBB | J1: SO | K1: GDP | L1: SLG | M1: OBP | N1: OPS | O1: MH | P1: RISP | Q1: PH-BA
C2: ='기본-타자'!B2=D2 -> FALSE | D2: 강백호 | E2: 한화 | F2: 0.342 | G2: 25 | H2: 0 | I2: 0 | J2: 45 | K2: 4 | L2: 0.594 | M2: 0.412 | N2: 1.006 | O2: 22 | P2: 0.462 | Q2: 0
C3: ='기본-타자'!B3=D3 -> FALSE | D3: 김건희 | E3: 키움 | F3: 0.22 | G3: 19 | H3: 0 | I3: 1 | J3: 58 | K3: 3 | L3: 0.346 | M3: 0.298 | N3: 0.644 | O3: 9 | P3: 0.35 | Q3: 0.143
C4: ='기본-타자'!B4=D4 -> TRUE | D4: 김도영 | E4: KIA | F4: 0.265 | G4: 30 | H4: 5 | I4: 3 | J4: 37 | K4: 6 | L4: 0.536 | M4: 0.373 | N4: 0.909 | O4: 11 | P4: 0.34 | Q4: 0
C5: ='기본-타자'!B5=D5 -> FALSE | D5: 김민석 | E5: 두산 | F5: 0.286 | G5: 22 | H5: 0 | I5: 0 | J5: 36 | K5: 1 | L5: 0.416 | M5: 0.373 | N5: 0.789 | O5: 9 | P5: 0.35 | Q5: 0.4
C6: ='기본-타자'!B6=D6 -> FALSE | D6: 김상수 | E6: KT | F6: 0.307 | G6: 31 | H6: 4 | I6: 0 | J6: 20 | K6: 5 | L6: 0.331 | M6: 0.427 | N6: 0.758 | O6: 14 | P6: 0.346 | Q6: 0.5
C7: ='기본-타자'!B7=D7 -> FALSE | D7: 김선빈 | E7: KIA | F7: 0.276 | G7: 31 | H7: 1 | I7: 1 | J7: 19 | K7: 4 | L7: 0.351 | M7: 0.381 | N7: 0.732 | O7: 15 | P7: 0.275 | Q7: 0.667
C8: ='기본-타자'!B8=D8 -> FALSE | D8: 김재환 | E8: SSG | F8: 0.184 | G8: 31 | H8: 1 | I8: 0 | J8: 53 | K8: 3 | L8: 0.336 | M8: 0.324 | N8: 0.66 | O8: 5 | P8: 0.279 | Q8: 0
C9: ='기본-타자'!B9=D9 -> FALSE | D9: 김주원 | E9: NC | F9: 0.301 | G9: 19 | H9: 12 | I9: 0 | J9: 31 | K9: 0 | L9: 0.464 | M9: 0.391 | N9: 0.855 | O9: 17 | P9: 0.267 | Q9: 0
C10: ='기본-타자'!B10=D10 -> FALSE | D10: 김지찬 | E10: 삼성 | F10: 0.287 | G10: 25 | H10: 2 | I10: 1 | J10: 11 | K10: 2 | L10: 0.341 | M10: 0.385 | N10: 0.726 | O10: 12 | P10: 0.294 | Q10: 0.286
C11: ='기본-타자'!B11=D11 -> FALSE | D11: 김현수 | E11: KT | F11: 0.274 | G11: 21 | H11: 0 | I11: 0 | J11: 29 | K11: 9 | L11: 0.395 | M11: 0.333 | N11: 0.728 | O11: 20 | P11: 0.281 | Q11: 0
C12: ='기본-타자'!B12=D12 -> FALSE | D12: 김호령 | E12: KIA | F12: 0.278 | G12: 14 | H12: 3 | I12: 1 | J12: 57 | K12: 2 | L12: 0.463 | M12: 0.33 | N12: 0.793 | O12: 23 | P12: 0.254 | Q12: 0
C13: ='기본-타자'!B13=D13 -> FALSE | D13: 나성범 | E13: KIA | F13: 0.262 | G13: 24 | H13: 3 | I13: 0 | J13: 60 | K13: 2 | L13: 0.459 | M13: 0.358 | N13: 0.817 | O13: 12 | P13: 0.346 | Q13: 0
... C51: ='기본-타자'!B51=D51 -> FALSE | D51: 힐리어드 | E51: KT | F51: 0.288 | G51: 23 | H51: 0 | I51: 0 | J51: 67 | K51: 2 | L51: 0.542 | M51: 0.351 | N51: 0.893 | O51: 18 | P51: 0.254 | Q51: 0

Sheet 기본-투수
A1: RK | B1: Player | C1: Pos | D1: Team | E1: Year | F1: WAR | G1: G | H1: GS | I1: W | J1: L | K1: SV | L1: HD | M1: IP | N1: ER | O1: RA | P1: TBF | Q1: H | R1: 2B | S1: 3B | T1: HR | U1: BB | V1: HBP | W1: IB | X1: SO | Y1: ERA | Z1: RA9 | AA1: FIP | AB1: WHIP | AC1: ERA+ | AD1: FIP+ | AE1: PF | AF1: 국적 | AG1: BIP | AH1: GB% | AI1: FB% | AJ1: LD% | AK1: 투구 | AL1: 스윙 | AM1: CWS% | AN1: whiff% | AO1: chase%
A2: 0 | B2: 황동하 | C2: SP | D2: KIA | E2: ='연도별 상수'!$A$46 -> 2026 | F2: =ROUND((((0.5+(('리그 투수'!$Q$46)-(AA2/0.92/AE2))/((((9*'리그 투수'!$Q$46)+((M2/G2)*(AA2/0.92/AE2))+((9-(M2/G2))*'리그 투수'!$Q$46))/18+2)*1.5))-0.38)/9*M2)*(0.5+(H2/330))+(((0.5+(('리그 투수'!$Q$46)-(Z2/0.92))/((((9*'리그 투수'!$Q$46)+((M2/G2)*(Z2/0.92))+((9-(M2/G2))*'리그 투수'!$Q$46))/18+2)*1.5))-0.38)/9*M2)*0.35+((((AC2^2)/((AC2^2)+(100^2))-0.38)/9*M2))*(0.08+(H2/140)),2) -> 0.04 | G2: 18 | H2: 11 | I2: 6 | J2: 3 | K2: 0 | L2: 1 | M2: 68 | N2: 33 | O2: 38 | P2: 293 | Q2: 67 | R2: 6 | S2: 0 | T2: 12 | U2: 27 | V2: 3 | W2: 0 | X2: 50 | Y2: =9*N2/M2 -> 4.3676471 | Z2: =9*O2/M2 -> 5.0294118 | AA2: =('연도별 상수'!$Y$46*T2+'연도별 상수'!$Z$46*(U2+V2)+'연도별 상수'!$AA$46*X2)/M2+'연도별 상수'!$V$46 -> 5.7292078 | AB2: =ROUND((Q2+U2)/M2,2) -> 1.38 | AC2: =TEXT(100*(2-(Y2/'리그 투수'!$P$46)*(1/AE2)),"0.0") -> 100.8 | AD2: =TEXT(100*(2-(AA2/'리그 투수'!$Q$46)*(1/AE2)),"0.0") -> 70.8 | AE2: ='연도별 상수'!$G$46*0.77+0.23 -> 0.93792953 | AF2: 0 | AG2: 201 | AH2: 40.8 | AI2: 48.4 | AJ2: 10.8
A3: 1 | B3: 올러 | C3: SP | D3: KIA | E3: ='연도별 상수'!$A$46 -> 2026 | F3: =ROUND((((0.5+(('리그 투수'!$Q$46)-(AA3/0.92/AE3))/((((9*'리그 투수'!$Q$46)+((M3/G3)*(AA3/0.92/AE3))+((9-(M3/G3))*'리그 투수'!$Q$46))/18+2)*1.5))-0.38)/9*M3)*(0.5+(H3/330))+(((0.5+(('리그 투수'!$Q$46)-(Z3/0.92))/((((9*'리그 투수'!$Q$46)+((M3/G3)*(Z3/0.92))+((9-(M3/G3))*'리그 투수'!$Q$46))/18+2)*1.5))-0.38)/9*M3)*0.35+((((AC3^2)/((AC3^2)+(100^2))-0.38)/9*M3))*(0.08+(H3/140)),2) -> 2.64 | G3: 14 | H3: 14 | I3: 7 | J3: 5 | K3: 0 | L3: 0 | M3: =87+1/3 -> 87.333333 | N3: 25 | O3: 26 | P3: 344 | Q3: 56 | R3: 6 | S3: 2 | T3: 6 | U3: 27 | V3: 5 | W3: 0 | X3: 92 | Y3: =9*N3/M3 -> 2.5763359 | Z3: =9*O3/M3 -> 2.6793893 | AA3: =('연도별 상수'!$Y$46*T3+'연도별 상수'!$Z$46*(U3+V3)+'연도별 상수'!$AA$46*X3)/M3+'연도별 상수'!$V$46 -> 3.4013901 | AB3: =ROUND((Q3+U3)/M3,2) -> 0.95 | AC3: =TEXT(100*(2-(Y3/'리그 투수'!$P$46)*(1/AE3)),"0.0") -> 141.5 | AD3: =TEXT(100*(2-(AA3/'리그 투수'!$Q$46)*(1/AE3)),"0.0") -> 123.3 | AE3: ='연도별 상수'!$G$46*0.77+0.23 -> 0.93792953 | AF3: 1 | AG3: 209 | AH3: 44.5 | AI3: 43.2 | AJ3: 12.3
A4: 2 | B4: 알칸타라 | C4: SP | D4: KIW | E4: ='연도별 상수'!$A$46 -> 2026 | F4: =ROUND((((0.5+(('리그 투수'!$Q$46)-(AA4/0.92/AE4))/((((9*'리그 투수'!$Q$46)+((M4/G4)*(AA4/0.92/AE4))+((9-(M4/G4))*'리그 투수'!$Q$46))/18+2)*1.5))-0.38)/9*M4)*(0.5+(H4/330))+(((0.5+(('리그 투수'!$Q$46)-(Z4/0.92))/((((9*'리그 투수'!$Q$46)+((M4/G4)*(Z4/0.92))+((9-(M4/G4))*'리그 투수'!$Q$46))/18+2)*1.5))-0.38)/9*M4)*0.35+((((AC4^2)/((AC4^2)+(100^2))-0.38)/9*M4))*(0.08+(H4/140)),2) -> 2.34 | G4: 14 | H4: 14 | I4: 7 | J4: 5 | K4: 0 | L4: 0 | M4: 92 | N4: 30 | O4: 31 | P4: 371 | Q4: 88 | R4: 14 | S4: 2 | T4: 11 | U4: 13 | V4: 2 | W4: 0 | X4: 81 | Y4: =9*N4/M4 -> 2.9347826 | Z4: =9*O4/M4 -> 3.0326087 | AA4: =('연도별 상수'!$Y$46*T4+'연도별 상수'!$Z$46*(U4+V4)+'연도별 상수'!$AA$46*X4)/M4+'연도별 상수'!$V$46 -> 3.7934661 | AB4: =ROUND((Q4+U4)/M4,2) -> 1.1 | AC4: =TEXT(100*(2-(Y4/'리그 투수'!$P$46)*(1/AE4)),"0.0") -> 134.0 | AD4: =TEXT(100*(2-(AA4/'리그 투수'!$Q$46)*(1/AE4)),"0.0") -> 115.3 | AE4: ='연도별 상수'!$C$46*0.77+0.23 -> 0.94742979 | AF4: 1 | AG4: 262 | AH4: 42.9 | AI4: 41.1 | AJ4: 16
A5: 3 | B5: 류현진 | C5: SP | D5: HAN | E5: ='연도별 상수'!$A$46 -> 2026 | F5: =ROUND((((0.5+(('리그 투수'!$Q$46)-(AA5/0.92/AE5))/((((9*'리그 투수'!$Q$46)+((M5/G5)*(AA5/0.92/AE5))+((9-(M5/G5))*'리그 투수'!$Q$46))/18+2)*1.5))-0.38)/9*M5)*(0.5+(H5/330))+(((0.5+(('리그 투수'!$Q$46)-(Z5/0.92))/((((9*'리그 투수'!$Q$46)+((M5/G5)*(Z5/0.92))+((9-(M5/G5))*'리그 투수'!$Q$46))/18+2)*1.5))-0.38)/9*M5)*0.35+((((AC5^2)/((AC5^2)+(100^2))-0.38)/9*M5))*(0.08+(H5/140)),2) -> 2.43 | G5: 13 | H5: 13 | I5: 8 | J5: 2 | K5: 0 | L5: 0 | M5: =75+2/3 -> 75.666667 | N5: 23 | O5: 30 | P5: 306 | Q5: 71 | R5: 15 | S5: 1 | T5: 4 | U5: 10 | V5: 2 | W5: 1 | X5: 61 | Y5: =9*N5/M5 -> 2.7356828 | Z5: =9*O5/M5 -> 3.5682819 | AA5: =('연도별 상수'!$Y$46*T5+'연도별 상수'!$Z$46*(U5+V5)+'연도별 상수'!$AA$46*X5)/M5+'연도별 상수'!$V$46 -> 3.1644631 | AB5: =ROUND((Q5+U5)/M5,2) -> 1.07 | AC5: =TEXT(100*(2-(Y5/'리그 투수'!$P$46)*(1/AE5)),"0.0") -> 148.5 | AD5: =TEXT(100*(2-(AA5/'리그 투수'!$Q$46)*(1/AE5)),"0.0") -> 140.9 | AE5: ='연도별 상수'!$F$46*0.77+0.23 -> 1.1314944 | AF5: 0 | AG5: 222 | AH5: 47.6 | AI5: 35.6 | AJ5: 16.7
A6: 4 | B6: 곽빈 | C6: SP | D6: DOO | E6: ='연도별 상수'!$A$46 -> 2026 | F6: =ROUND((((0.5+(('리그 투수'!$Q$46)-(AA6/0.92/AE6))/((((9*'리그 투수'!$Q$46)+((M6/G6)*(AA6/0.92/AE6))+((9-(M6/G6))*'리그 투수'!$Q$46))/18+2)*1.5))-0.38)/9*M6)*(0.5+(H6/330))+(((0.5+(('리그 투수'!$Q$46)-(Z6/0.92))/((((9*'리그 투수'!$Q$46)+((M6/G6)*(Z6/0.92))+((9-(M6/G6))*'리그 투수'!$Q$46))/18+2)*1.5))-0.38)/9*M6)*0.35+((((AC6^2)/((AC6^2)+(100^2))-0.38)/9*M6))*(0.08+(H6/140)),2) -> 2.11 | G6: 14 | H6: 14 | I6: 5 | J6: 3 | K6: 0 | L6: 0 | M6: 78 | N6: 27 | O6: 31 | P6: 338 | Q6: 78 | R6: 10 | S6: 1 | T6: 5 | U6: 26 | V6: 4 | W6: 0 | X6: 95 | Y6: =9*N6/M6 -> 3.1153846 | Z6: =9*O6/M6 -> 3.5769231 | AA6: =('연도별 상수'!$Y$46*T6+'연도별 상수'!$Z$46*(U6+V6)+'연도별 상수'!$AA$46*X6)/M6+'연도별 상수'!$V$46 -> 2.9931595 | AB6: =ROUND((Q6+U6)/M6,2) -> 1.33 | AC6: =TEXT(100*(2-(Y6/'리그 투수'!$P$46)*(1/AE6)),"0.0") -> 126.3 | AD6: =TEXT(100*(2-(AA6/'리그 투수'!$Q$46)*(1/AE6)),"0.0") -> 129.8 | AE6: ='연도별 상수'!$B$46*0.77+0.23 -> 0.90131834 | AF6: 0 | AG6: 208 | AH6: 40.4 | AI6: 42.3 | AJ6: 17.4
A7: 5 | B7: 네일 | C7: SP | D7: KIA | E7: ='연도별 상수'!$A$46 -> 2026 | F7: =ROUND((((0.5+(('리그 투수'!$Q$46)-(AA7/0.92/AE7))/((((9*'리그 투수'!$Q$46)+((M7/G7)*(AA7/0.92/AE7))+((9-(M7/G7))*'리그 투수'!$Q$46))/18+2)*1.5))-0.38)/9*M7)*(0.5+(H7/330))+(((0.5+(('리그 투수'!$Q$46)-(Z7/0.92))/((((9*'리그 투수'!$Q$46)+((M7/G7)*(Z7/0.92))+((9-(M7/G7))*'리그 투수'!$Q$46))/18+2)*1.5))-0.38)/9*M7)*0.35+((((AC7^2)/((AC7^2)+(100^2))-0.38)/9*M7))*(0.08+(H7/140)),2) -> 2.05 | G7: 15 | H7: 15 | I7: 4 | J7: 4 | K7: 0 | L7: 0 | M7: =87+1/3 -> 87.333333 | N7: 33 | O7: 33 | P7: 361 | Q7: 80 | R7: 15 | S7: 0 | T7: 4 | U7: 17 | V7: 10 | W7: 1 | X7: 66 | Y7: =9*N7/M7 -> 3.4007634 | Z7: =9*O7/M7 -> 3.4007634 | AA7: =('연도별 상수'!$Y$46*T7+'연도별 상수'!$Z$46*(U7+V7)+'연도별 상수'!$AA$46*X7)/M7+'연도별 상수'!$V$46 -> 3.6876497 | AB7: =ROUND((Q7+U7)/M7,2) -> 1.11 | AC7: =TEXT(100*(2-(Y7/'리그 투수'!$P$46)*(1/AE7)),"0.0") -> 122.7 | AD7: =TEXT(100*(2-(AA7/'리그 투수'!$Q$46)*(1/AE7)),"0.0") -> 116.9 | AE7: ='연도별 상수'!$G$46*0.77+0.23 -> 0.93792953 | AF7: 1 | AG7: 261 | AH7: 53.4 | AI7: 32.1 | AJ7: 14.6
A8: 6 | B8: 후라도 | C8: SP | D8: SAM | E8: ='연도별 상수'!$A$46 -> 2026 | F8: =ROUND((((0.5+(('리그 투수'!$Q$46)-(AA8/0.92/AE8))/((((9*'리그 투수'!$Q$46)+((M8/G8)*(AA8/0.92/AE8))+((9-(M8/G8))*'리그 투수'!$Q$46))/18+2)*1.5))-0.38)/9*M8)*(0.5+(H8/330))+(((0.5+(('리그 투수'!$Q$46)-(Z8/0.92))/((((9*'리그 투수'!$Q$46)+((M8/G8)*(Z8/0.92))+((9-(M8/G8))*'리그 투수'!$Q$46))/18+2)*1.5))-0.38)/9*M8)*0.35+((((AC8^2)/((AC8^2)+(100^2))-0.38)/9*M8))*(0.08+(H8/140)),2) -> 2 | G8: 14 | H8: 14 | I8: 3 | J8: 1 | K8: 0 | L8: 0 | M8: 88 | N8: 28 | O8: 36 | P8: 371 | Q8: 93 | R8: 7 | S8: 2 | T8: 8 | U8: 16 | V8: 3 | W8: 0 | X8: 57 | Y8: =9*N8/M8 -> 2.8636364 | Z8: =9*O8/M8 -> 3.6818182 | AA8: =('연도별 상수'!$Y$46*T8+'연도별 상수'!$Z$46*(U8+V8)+'연도별 상수'!$AA$46*X8)/M8+'연도별 상수'!$V$46 -> 4.2005313 | AB8: =ROUND((Q8+U8)/M8,2) -> 1.24 | AC8: =TEXT(100*(2-(Y8/'리그 투수'!$P$46)*(1/AE8)),"0.0") -> 141.5 | AD8: =TEXT(100*(2-(AA8/'리그 투수'!$Q$46)*(1/AE8)),"0.0") -> 114.8 | AE8: ='연도별 상수'!$H$46*0.77+0.23 -> 1.0426241 | AF8: 1 | AG8: 283 | AH8: 52.9 | AI8: 39.3 | AJ8: 7.8
A9: 7 | B9: 보쉴리 | C9: SP | D9: KT | E9: ='연도별 상수'!$A$46 -> 2026 | F9: =ROUND((((0.5+(('리그 투수'!$Q$46)-(AA9/0.92/AE9))/((((9*'리그 투수'!$Q$46)+((M9/G9)*(AA9/0.92/AE9))+((9-(M9/G9))*'리그 투수'!$Q$46))/18+2)*1.5))-0.38)/9*M9)*(0.5+(H9/330))+(((0.5+(('리그 투수'!$Q$46)-(Z9/0.92))/((((9*'리그 투수'!$Q$46)+((M9/G9)*(Z9/0.92))+((9-(M9/G9))*'리그 투수'!$Q$46))/18+2)*1.5))-0.38)/9*M9)*0.35+((((AC9^2)/((AC9^2)+(100^2))-0.38)/9*M9))*(0.08+(H9/140)),2) -> 1.89 | G9: 11 | H9: 11 | I9: 7 | J9: 3 | K9: 0 | L9: 0 | M9: =62+2/3 -> 62.666667 | N9: 22 | O9: 23 | P9: 268 | Q9: 68 | R9: 10 | S9: 1 | T9: 3 | U9: 15 | V9: 1 | W9: 0 | X9: 56 | Y9: =9*N9/M9 -> 3.1595745 | Z9: =9*O9/M9 -> 3.3031915 | AA9: =('연도별 상수'!$Y$46*T9+'연도별 상수'!$Z$46*(U9+V9)+'연도별 상수'!$AA$46*X9)/M9+'연도별 상수'!$V$46 -> 3.1954782 | AB9: =ROUND((Q9+U9)/M9,2) -> 1.32 | AC9: =TEXT(100*(2-(Y9/'리그 투수'!$P$46)*(1/AE9)),"0.0") -> 136.1 | AD9: =TEXT(100*(2-(AA9/'리그 투수'!$Q$46)*(1/AE9)),"0.0") -> 135.9 | AE9: ='연도별 상수'!$E$46*0.77+0.23 -> 1.0537884 | AF9: 1 | AG9: 191 | AH9: 52 | AI9: 32.7 | AJ9: 15.3
A10: 8 | B10: 웰스 | C10: SP | D10: LG | E10: ='연도별 상수'!$A$46 -> 2026 | F10: =ROUND((((0.5+(('리그 투수'!$Q$46)-(AA10/0.92/AE10))/((((9*'리그 투수'!$Q$46)+((M10/G10)*(AA10/0.92/AE10))+((9-(M10/G10))*'리그 투수'!$Q$46))/18+2)*1.5))-0.38)/9*M10)*(0.5+(H10/330))+(((0.5+(('리그 투수'!$Q$46)-(Z10/0.92))/((((9*'리그 투수'!$Q$46)+((M10/G10)*(Z10/0.92))+((9-(M10/G10))*'리그 투수'!$Q$46))/18+2)*1.5))-0.38)/9*M10)*0.35+((((AC10^2)/((AC10^2)+(100^2))-0.38)/9*M10))*(0.08+(H10/140)),2) -> 1.65 | G10: 12 | H10: 12 | I10: 5 | J10: 2 | K10: 0 | L10: 0 | M10: =65+2/3 -> 65.666667 | N10: 18 | O10: 22 | P10: 266 | Q10: 51 | R10: 9 | S10: 4 | T10: 4 | U10: 18 | V10: 1 | W10: 0 | X10: 54 | Y10: =9*N10/M10 -> 2.4670051 | Z10: =9*O10/M10 -> 3.0152284 | AA10: =('연도별 상수'!$Y$46*T10+'연도별 상수'!$Z$46*(U10+V10)+'연도별 상수'!$AA$46*X10)/M10+'연도별 상수'!$V$46 -> 3.6390466 | AB10: =ROUND((Q10+U10)/M10,2) -> 1.05 | AC10: =TEXT(100*(2-(Y10/'리그 투수'!$P$46)*(1/AE10)),"0.0") -> 141.7 | AD10: =TEXT(100*(2-(AA10/'리그 투수'!$Q$46)*(1/AE10)),"0.0") -> 114.6 | AE10: ='연도별 상수'!$B$46*0.77+0.23 -> 0.90131834 | AF10: 1 | AG10: 188 | AH10: 41.5 | AI10: 48.7 | AJ10: 9.8
A11: 9 | B11: 최민석 | C11: SP | D11: DOO | E11: ='연도별 상수'!$A$46 -> 2026 | F11: =ROUND((((0.5+(('리그 투수'!$Q$46)-(AA11/0.92/AE11))/((((9*'리그 투수'!$Q$46)+((M11/G11)*(AA11/0.92/AE11))+((9-(M11/G11))*'리그 투수'!$Q$46))/18+2)*1.5))-0.38)/9*M11)*(0.5+(H11/330))+(((0.5+(('리그 투수'!$Q$46)-(Z11/0.92))/((((9*'리그 투수'!$Q$46)+((M11/G11)*(Z11/0.92))+((9-(M11/G11))*'리그 투수'!$Q$46))/18+2)*1.5))-0.38)/9*M11)*0.35+((((AC11^2)/((AC11^2)+(100^2))-0.38)/9*M11))*(0.08+(H11/140)),2) -> 1.59 | G11: 13 | H11: 13 | I11: 6 | J11: 2 | K11: 0 | L11: 0 | M11: =74+2/3 -> 74.666667 | N11: 23 | O11: 29 | P11: 315 | Q11: 58 | R11: 15 | S11: 0 | T11: 3 | U11: 34 | V11: 4 | W11: 0 | X11: 69 | Y11: =9*N11/M11 -> 2.7723214 | Z11: =9*O11/M11 -> 3.4955357 | AA11: =('연도별 상수'!$Y$46*T11+'연도별 상수'!$Z$46*(U11+V11)+'연도별 상수'!$AA$46*X11)/M11+'연도별 상수'!$V$46 -> 3.8384778 | AB11: =ROUND((Q11+U11)/M11,2) -> 1.23 | AC11: =TEXT(100*(2-(Y11/'리그 투수'!$P$46)*(1/AE11)),"0.0") -> 134.4 | AD11: =TEXT(100*(2-(AA11/'리그 투수'!$Q$46)*(1/AE11)),"0.0") -> 109.9 | AE11: ='연도별 상수'!$B$46*0.77+0.23 -> 0.90131834 | AF11: 0 | AG11: 202 | AH11: 46.6 | AI11: 41.3 | AJ11: 12
A12: 10 | B12: 밴자민 | C12: SP | D12: DOO | E12: ='연도별 상수'!$A$46 -> 2026 | F12: =ROUND((((0.5+(('리그 투수'!$Q$46)-(AA12/0.92/AE12))/((((9*'리그 투수'!$Q$46)+((M12/G12)*(AA12/0.92/AE12))+((9-(M12/G12))*'리그 투수'!$Q$46))/18+2)*1.5))-0.38)/9*M12)*(0.5+(H12/330))+(((0.5+(('리그 투수'!$Q$46)-(Z12/0.92))/((((9*'리그 투수'!$Q$46)+((M12/G12)*(Z12/0.92))+((9-(M12/G12))*'리그 투수'!$Q$46))/18+2)*1.5))-0.38)/9*M12)*0.35+((((AC12^2)/((AC12^2)+(100^2))-0.38)/9*M12))*(0.08+(H12/140)),2) -> 1.57 | G12: 11 | H12: 11 | I12: 3 | J12: 6 | K12: 0 | L12: 0 | M12: =62+2/3 -> 62.666667 | N12: 21 | O12: 24 | P12: 264 | Q12: 64 | R12: 15 | S12: 2 | T12: 2 | U12: 18 | V12: 1 | W12: 0 | X12: 54 | Y12: =9*N12/M12 -> 3.0159574 | Z12: =9*O12/M12 -> 3.4468085 | AA12: =('연도별 상수'!$Y$46*T12+'연도별 상수'!$Z$46*(U12+V12)+'연도별 상수'!$AA$46*X12)/M12+'연도별 상수'!$V$46 -> 3.2369675 | AB12: =ROUND((Q12+U12)/M12,2) -> 1.31 | AC12: =TEXT(100*(2-(Y12/'리그 투수'!$P$46)*(1/AE12)),"0.0") -> 128.7 | AD12: =TEXT(100*(2-(AA12/'리그 투수'!$Q$46)*(1/AE12)),"0.0") -> 124.1 | AE12: ='연도별 상수'!$B$46*0.77+0.23 -> 0.90131834 | AF12: 1 | AG12: 183 | AH12: 53.4 | AI12: 34 | AJ12: 12.6
A13: 11 | B13: 원태인 | C13: SP | D13: SAM | E13: ='연도별 상수'!$A$46 -> 2026 | F13: =ROUND((((0.5+(('리그 투수'!$Q$46)-(AA13/0.92/AE13))/((((9*'리그 투수'!$Q$46)+((M13/G13)*(AA13/0.92/AE13))+((9-(M13/G13))*'리그 투수'!$Q$46))/18+2)*1.5))-0.38)/9*M13)*(0.5+(H13/330))+(((0.5+(('리그 투수'!$Q$46)-(Z13/0.92))/((((9*'리그 투수'!$Q$46)+((M13/G13)*(Z13/0.92))+((9-(M13/G13))*'리그 투수'!$Q$46))/18+2)*1.5))-0.38)/9*M13)*0.35+((((AC13^2)/((AC13^2)+(100^2))-0.38)/9*M13))*(0.08+(H13/140)),2) -> 1.61 | G13: 11 | H13: 11 | I13: 3 | J13: 5 | K13: 0 | L13: 0 | M13: 63 | N13: 25 | O13: 26 | P13: 271 | Q13: 67 | R13: 12 | S13: 1 | T13: 3 | U13: 16 | V13: 4 | W13: 0 | X13: 54 | Y13: =9*N13/M13 -> 3.5714286 | Z13: =9*O13/M13 -> 3.7142857 | AA13: =('연도별 상수'!$Y$46*T13+'연도별 상수'!$Z$46*(U13+V13)+'연도별 상수'!$AA$46*X13)/M13+'연도별 상수'!$V$46 -> 3.4824758 | AB13: =ROUND((Q13+U13)/M13,2) -> 1.32 | AC13: =TEXT(100*(2-(Y13/'리그 투수'!$P$46)*(1/AE13)),"0.0") -> 127.0 | AD13: =TEXT(100*(2-(AA13/'리그 투수'!$Q$46)*(1/AE13)),"0.0") -> 129.4 | AE13: ='연도별 상수'!$H$46*0.77+0.23 -> 1.0426241 | AF13: 0 | AG13: 189 | AH13: 48.2 | AI13: 41.6 | AJ13: 10.2
A14: 12 | B14: 고영표 | C14: SP | D14: KT | E14: ='연도별 상수'!$A$46 -> 2026 | F14: =ROUND((((0.5+(('리그 투수'!$Q$46)-(AA14/0.92/AE14))/((((9*'리그 투수'!$Q$46)+((M14/G14)*(AA14/0.92/AE14))+((9-(M14/G14))*'리그 투수'!$Q$46))/18+2)*1.5))-0.38)/9*M14)*(0.5+(H14/330))+(((0.5+(('리그 투수'!$Q$46)-(Z14/0.92))/((((9*'리그 투수'!$Q$46)+((M14/G14)*(Z14/0.92))+((9-(M14/G14))*'리그 투수'!$Q$46))/18+2)*1.5))-0.38)/9*M14)*0.35+((((AC14^2)/((AC14^2)+(100^2))-0.38)/9*M14))*(0.08+(H14/140)),2) -> 1.66 | G14: 13 | H14: 13 | I14: 5 | J14: 4 | K14: 0 | L14: 0 | M14: 74 | N14: 36 | O14: 37 | P14: 320 | Q14: 83 | R14: 15 | S14: 1 | T14: 8 | U14: 12 | V14: 6 | W14: 0 | X14: 81 | Y14: =9*N14/M14 -> 4.3783784 | Z14: =9*O14/M14 -> 4.5 | AA14: =('연도별 상수'!$Y$46*T14+'연도별 상수'!$Z$46*(U14+V14)+'연도별 상수'!$AA$46*X14)/M14+'연도별 상수'!$V$46 -> 3.3772205 | AB14: =ROUND((Q14+U14)/M14,2) -> 1.28 | AC14: =TEXT(100*(2-(Y14/'리그 투수'!$P$46)*(1/AE14)),"0.0") -> 111.5 | AD14: =TEXT(100*(2-(AA14/'리그 투수'!$Q$46)*(1/AE14)),"0.0") -> 132.2 | AE14: ='연도별 상수'!$E$46*0.77+0.23 -> 1.0537884 | AF14: 0 | AG14: 209 | AH14: 52.5 | AI14: 29.9 | AJ14: 17.6
A15: 13 | B15: 비슬리 | C15: SP | D15: LOT | E15: ='연도별 상수'!$A$46 -> 2026 | F15: =ROUND((((0.5+(('리그 투수'!$Q$46)-(AA15/0.92/AE15))/((((9*'리그 투수'!$Q$46)+((M15/G15)*(AA15/0.92/AE15))+((9-(M15/G15))*'리그 투수'!$Q$46))/18+2)*1.5))-0.38)/9*M15)*(0.5+(H15/330))+(((0.5+(('리그 투수'!$Q$46)-(Z15/0.92))/((((9*'리그 투수'!$Q$46)+((M15/G15)*(Z15/0.92))+((9-(M15/G15))*'리그 투수'!$Q$46))/18+2)*1.5))-0.38)/9*M15)*0.35+((((AC15^2)/((AC15^2)+(100^2))-0.38)/9*M15))*(0.08+(H15/140)),2) -> 1.72 | G15: 14 | H15: 14 | I15: 4 | J15: 4 | K15: 0 | L15: 0 | M15: 74 | N15: 37 | O15: 39 | P15: 336 | Q15: 86 | R15: 16 | S15: 1 | T15: 5 | U15: 25 | V15: 8 | W15: 0 | X15: 85 | Y15: =9*N15/M15 -> 4.5 | Z15: =9*O15/M15 -> 4.7432432 | AA15: =('연도별 상수'!$Y$46*T15+'연도별 상수'!$Z$46*(U15+V15)+'연도별 상수'!$AA$46*X15)/M15+'연도별 상수'!$V$46 -> 3.4042476 | AB15: =ROUND((Q15+U15)/M15,2) -> 1.5 | AC15: =TEXT(100*(2-(Y15/'리그 투수'!$P$46)*(1/AE15)),"0.0") -> 114.8 | AD15: =TEXT(100*(2-(AA15/'리그 투수'!$Q$46)*(1/AE15)),"0.0") -> 136.1 | AE15: ='연도별 상수'!$I$46*0.77+0.23 -> 1.1261052 | AF15: 1 | AG15: 206 | AH15: 44.5 | AI15: 32.1 | AJ15: 23.4
A16: 14 | B16: 구창모 | C16: SP | D16: NC | E16: ='연도별 상수'!$A$46 -> 2026 | F16: =ROUND((((0.5+(('리그 투수'!$Q$46)-(AA16/0.92/AE16))/((((9*'리그 투수'!$Q$46)+((M16/G16)*(AA16/0.92/AE16))+((9-(M16/G16))*'리그 투수'!$Q$46))/18+2)*1.5))-0.38)/9*M16)*(0.5+(H16/330))+(((0.5+(('리그 투수'!$Q$46)-(Z16/0.92))/((((9*'리그 투수'!$Q$46)+((M16/G16)*(Z16/0.92))+((9-(M16/G16))*'리그 투수'!$Q$46))/18+2)*1.5))-0.38)/9*M16)*0.35+((((AC16^2)/((AC16^2)+(100^2))-0.38)/9*M16))*(0.08+(H16/140)),2) -> 1.33 | G16: 13 | H16: 13 | I16: 7 | J16: 2 | K16: 0 | L16: 0 | M16: =74+1/3 -> 74.333333 | N16: 29 | O16: 33 | P16: 314 | Q16: 69 | R16: 12 | S16: 2 | T16: 8 | U16: 22 | V16: 2 | W16: 1 | X16: 64 | Y16: =9*N16/M16 -> 3.5112108 | Z16: =9*O16/M16 -> 3.9955157 | AA16: =('연도별 상수'!$Y$46*T16+'연도별 상수'!$Z$46*(U16+V16)+'연도별 상수'!$AA$46*X16)/M16+'연도별 상수'!$V$46 -> 4.2102287 | AB16: =ROUND((Q16+U16)/M16,2) -> 1.22 | AC16: =TEXT(100*(2-(Y16/'리그 투수'!$P$46)*(1/AE16)),"0.0") -> 123.3 | AD16: =TEXT(100*(2-(AA16/'리그 투수'!$Q$46)*(1/AE16)),"0.0") -> 108.8 | AE16: ='연도별 상수'!$J$46*0.77+0.23 -> 0.97573884 | AF16: 0 | AG16: 215 | AH16: 51.3 | AI16: 39.4 | AJ16: 9.3
A17: 15 | B17: 임찬규 | C17: SP | D17: LG | E17: ='연도별 상수'!$A$46 -> 2026 | F17: =ROUND((((0.5+(('리그 투수'!$Q$46)-(AA17/0.92/AE17))/((((9*'리그 투수'!$Q$46)+((M17/G17)*(AA17/0.92/AE17))+((9-(M17/G17))*'리그 투수'!$Q$46))/18+2)*1.5))-0.38)/9*M17)*(0.5+(H17/330))+(((0.5+(('리그 투수'!$Q$46)-(Z17/0.92))/((((9*'리그 투수'!$Q$46)+((M17/G17)*(Z17/0.92))+((9-(M17/G17))*'리그 투수'!$Q$46))/18+2)*1.5))-0.38)/9*M17)*0.35+((((AC17^2)/((AC17^2)+(100^2))-0.38)/9*M17))*(0.08+(H17/140)),2) -> 1.18 | G17: 14 | H17: 14 | I17: 7 | J17: 1 | K17: 0 | L17: 0 | M17: =78+1/3 -> 78.333333 | N17: 30 | O17: 31 | P17: 337 | Q17: 89 | R17: 13 | S17: 0 | T17: 5 | U17: 23 | V17: 2 | W17: 0 | X17: 40 | Y17: =9*N17/M17 -> 3.4468085 | Z17: =9*O17/M17 -> 3.5617021 | AA17: =('연도별 상수'!$Y$46*T17+'연도별 상수'!$Z$46*(U17+V17)+'연도별 상수'!$AA$46*X17)/M17+'연도별 상수'!$V$46 -> 4.5486696 | AB17: =ROUND((Q17+U17)/M17,2) -> 1.43 | AC17: =TEXT(100*(2-(Y17/'리그 투수'!$P$46)*(1/AE17)),"0.0") -> 118.5 | AD17: =TEXT(100*(2-(AA17/'리그 투수'!$Q$46)*(1/AE17)),"0.0") -> 93.3 | AE17: ='연도별 상수'!$B$46*0.77+0.23 -> 0.90131834 | AF17: 0 | AG17: 264 | AH17: 42.6 | AI17: 43.4 | AJ17: 14
A18: 16 | B18: 김진욱 | C18: SP | D18: LOT | E18: ='연도별 상수'!$A$46 -> 2026 | F18: =ROUND((((0.5+(('리그 투수'!$Q$46)-(AA18/0.92/AE18))/((((9*'리그 투수'!$Q$46)+((M18/G18)*(AA18/0.92/AE18))+((9-(M18/G18))*'리그 투수'!$Q$46))/18+2)*1.5))-0.38)/9*M18)*(0.5+(H18/330))+(((0.5+(('리그 투수'!$Q$46)-(Z18/0.92))/((((9*'리그 투수'!$Q$46)+((M18/G18)*(Z18/0.92))+((9-(M18/G18))*'리그 투수'!$Q$46))/18+2)*1.5))-0.38)/9*M18)*0.35+((((AC18^2)/((AC18^2)+(100^2))-0.38)/9*M18))*(0.08+(H18/140)),2) -> 1.5 | G18: 13 | H18: 13 | I18: 4 | J18: 3 | K18: 0 | L18: 0 | M18: =75+2/3 -> 75.666667 | N18: 28 | O18: 35 | P18: 321 | Q18: 69 | R18: 8 | S18: 0 | T18: 9 | U18: 22 | V18: 3 | W18: 0 | X18: 59 | Y18: =9*N18/M18 -> 3.3303965 | Z18: =9*O18/M18 -> 4.1629956 | AA18: =('연도별 상수'!$Y$46*T18+'연도별 상수'!$Z$46*(U18+V18)+'연도별 상수'!$AA$46*X18)/M18+'연도별 상수'!$V$46 -> 4.5732736 | AB18: =ROUND((Q18+U18)/M18,2) -> 1.2 | AC18: =TEXT(100*(2-(Y18/'리그 투수'!$P$46)*(1/AE18)),"0.0") -> 137.0 | AD18: =TEXT(100*(2-(AA18/'리그 투수'!$Q$46)*(1/AE18)),"0.0") -> 114.1 | AE18: ='연도별 상수'!$I$46*0.77+0.23 -> 1.1261052 | AF18: 0 | AG18: 222 | AH18: 47.7 | AI18: 41.8 | AJ18: 10.5
A19: 17 | B19: 톨허스트 | C19: SP | D19: LG | E19: ='연도별 상수'!$A$46 -> 2026 | F19: =ROUND((((0.5+(('리그 투수'!$Q$46)-(AA19/0.92/AE19))/((((9*'리그 투수'!$Q$46)+((M19/G19)*(AA19/0.92/AE19))+((9-(M19/G19))*'리그 투수'!$Q$46))/18+2)*1.5))-0.38)/9*M19)*(0.5+(H19/330))+(((0.5+(('리그 투수'!$Q$46)-(Z19/0.92))/((((9*'리그 투수'!$Q$46)+((M19/G19)*(Z19/0.92))+((9-(M19/G19))*'리그 투수'!$Q$46))/18+2)*1.5))-0.38)/9*M19)*0.35+((((AC19^2)/((AC19^2)+(100^2))-0.38)/9*M19))*(0.08+(H19/140)),2) -> 1.12 | G19: 14 | H19: 14 | I19: 7 | J19: 5 | K19: 0 | L19: 0 | M19: 76 | N19: 34 | O19: 34 | P19: 326 | Q19: 73 | R19: 12 | S19: 0 | T19: 6 | U19: 20 | V19: 7 | W19: 0 | X19: 61 | Y19: =9*N19/M19 -> 4.0263158 | Z19: =9*O19/M19 -> 4.0263158 | AA19: =('연도별 상수'!$Y$46*T19+'연도별 상수'!$Z$46*(U19+V19)+'연도별 상수'!$AA$46*X19)/M19+'연도별 상수'!$V$46 -> 4.1156629 | AB19: =ROUND((Q19+U19)/M19,2) -> 1.22 | AC19: =TEXT(100*(2-(Y19/'리그 투수'!$P$46)*(1/AE19)),"0.0") -> 104.8 | AD19: =TEXT(100*(2-(AA19/'리그 투수'!$Q$46)*(1/AE19)),"0.0") -> 103.4 | AE19: ='연도별 상수'!$B$46*0.77+0.23 -> 0.90131834 | AF19: 1 | AG19: 230 | AH19: 39.1 | AI19: 45 | AJ19: 16
A20: 18 | B20: 오러클린 | C20: SP | D20: SAM | E20: ='연도별 상수'!$A$46 -> 2026 | F20: =ROUND((((0.5+(('리그 투수'!$Q$46)-(AA20/0.92/AE20))/((((9*'리그 투수'!$Q$46)+((M20/G20)*(AA20/0.92/AE20))+((9-(M20/G20))*'리그 투수'!$Q$46))/18+2)*1.5))-0.38)/9*M20)*(0.5+(H20/330))+(((0.5+(('리그 투수'!$Q$46)-(Z20/0.92))/((((9*'리그 투수'!$Q$46)+((M20/G20)*(Z20/0.92))+((9-(M20/G20))*'리그 투수'!$Q$46))/18+2)*1.5))-0.38)/9*M20)*0.35+((((AC20^2)/((AC20^2)+(100^2))-0.38)/9*M20))*(0.08+(H20/140)),2) -> 1.21 | G20: 14 | H20: 14 | I20: 5 | J20: 3 | K20: 0 | L20: 0 | M20: =71+2/3 -> 71.666667 | N20: 31 | O20: 34 | P20: 309 | Q20: 57 | R20: 15 | S20: 0 | T20: 6 | U20: 33 | V20: 9 | W20: 0 | X20: 70 | Y20: =9*N20/M20 -> 3.8930233 | Z20: =9*O20/M20 -> 4.2697674 | AA20: =('연도별 상수'!$Y$46*T20+'연도별 상수'!$Z$46*(U20+V20)+'연도별 상수'!$AA$46*X20)/M20+'연도별 상수'!$V$46 -> 4.4761709 | AB20: =ROUND((Q20+U20)/M20,2) -> 1.26 | AC20: =TEXT(100*(2-(Y20/'리그 투수'!$P$46)*(1/AE20)),"0.0") -> 120.4 | AD20: =TEXT(100*(2-(AA20/'리그 투수'!$Q$46)*(1/AE20)),"0.0") -> 109.2 | AE20: ='연도별 상수'!$H$46*0.77+0.23 -> 1.0426241 | AF20: 1 | AG20: 186 | AH20: 51.8 | AI20: 41.6 | AJ20: 6.6
A21: 19 | B21: 나균안 | C21: SP | D21: LOT | E21: ='연도별 상수'!$A$46 -> 2026 | F21: =ROUND((((0.5+(('리그 투수'!$Q$46)-(AA21/0.92/AE21))/((((9*'리그 투수'!$Q$46)+((M21/G21)*(AA21/0.92/AE21))+((9-(M21/G21))*'리그 투수'!$Q$46))/18+2)*1.5))-0.38)/9*M21)*(0.5+(H21/330))+(((0.5+(('리그 투수'!$Q$46)-(Z21/0.92))/((((9*'리그 투수'!$Q$46)+((M21/G21)*(Z21/0.92))+((9-(M21/G21))*'리그 투수'!$Q$46))/18+2)*1.5))-0.38)/9*M21)*0.35+((((AC21^2)/((AC21^2)+(100^2))-0.38)/9*M21))*(0.08+(H21/140)),2) -> 1.29 | G21: 13 | H21: 13 | I21: 3 | J21: 6 | K21: 0 | L21: 0 | M21: =74+2/3 -> 74.666667 | N21: 32 | O21: 36 | P21: 325 | Q21: 82 | R21: 15 | S21: 0 | T21: 11 | U21: 23 | V21: 2 | W21: 1 | X21: 63 | Y21: =9*N21/M21 -> 3.8571429 | Z21: =9*O21/M21 -> 4.3392857 | AA21: =('연도별 상수'!$Y$46*T21+'연도별 상수'!$Z$46*(U21+V21)+'연도별 상수'!$AA$46*X21)/M21+'연도별 상수'!$V$46 -> 4.7679421 | AB21: =ROUND((Q21+U21)/M21,2) -> 1.41 | AC21: =TEXT(100*(2-(Y21/'리그 투수'!$P$46)*(1/AE21)),"0.0") -> 127.0 | AD21: =TEXT(100*(2-(AA21/'리그 투수'!$Q$46)*(1/AE21)),"0.0") -> 110.5 | AE21: ='연도별 상수'!$I$46*0.77+0.23 -> 1.1261052 | AF21: 0 | AG21: 221 | AH21: 41.8 | AI21: 38 | AJ21: 20.3
A22: 20 | B22: 최원태 | C22: SP | D22: SAM | E22: ='연도별 상수'!$A$46 -> 2026 | F22: =ROUND((((0.5+(('리그 투수'!$Q$46)-(AA22/0.92/AE22))/((((9*'리그 투수'!$Q$46)+((M22/G22)*(AA22/0.92/AE22))+((9-(M22/G22))*'리그 투수'!$Q$46))/18+2)*1.5))-0.38)/9*M22)*(0.5+(H22/330))+(((0.5+(('리그 투수'!$Q$46)-(Z22/0.92))/((((9*'리그 투수'!$Q$46)+((M22/G22)*(Z22/0.92))+((9-(M22/G22))*'리그 투수'!$Q$46))/18+2)*1.5))-0.38)/9*M22)*0.35+((((AC22^2)/((AC22^2)+(100^2))-0.38)/9*M22))*(0.08+(H22/140)),2) -> 1.03 | G22: 12 | H22: 12 | I22: 2 | J22: 3 | K22: 0 | L22: 0 | M22: =65+2/3 -> 65.666667 | N22: 32 | O22: 34 | P22: 283 | Q22: 70 | R22: 8 | S22: 1 | T22: 5 | U22: 29 | V22: 2 | W22: 0 | X22: 59 | Y22: =9*N22/M22 -> 4.3857868 | Z22: =9*O22/M22 -> 4.6598985 | AA22: =('연도별 상수'!$Y$46*T22+'연도별 상수'!$Z$46*(U22+V22)+'연도별 상수'!$AA$46*X22)/M22+'연도별 상수'!$V$46 -> 4.2162039 | AB22: =ROUND((Q22+U22)/M22,2) -> 1.51 | AC22: =TEXT(100*(2-(Y22/'리그 투수'!$P$46)*(1/AE22)),"0.0") -> 110.4 | AD22: =TEXT(100*(2-(AA22/'리그 투수'!$Q$46)*(1/AE22)),"0.0") -> 114.5 | AE22: ='연도별 상수'!$H$46*0.77+0.23 -> 1.0426241 | AF22: 0 | AG22: 185 | AH22: 49.2 | AI22: 39.9 | AJ22: 10.9
A23: 21 | B23: 사우어 | C23: SP | D23: KT | E23: ='연도별 상수'!$A$46 -> 2026 | F23: =ROUND((((0.5+(('리그 투수'!$Q$46)-(AA23/0.92/AE23))/((((9*'리그 투수'!$Q$46)+((M23/G23)*(AA23/0.92/AE23))+((9-(M23/G23))*'리그 투수'!$Q$46))/18+2)*1.5))-0.38)/9*M23)*(0.5+(H23/330))+(((0.5+(('리그 투수'!$Q$46)-(Z23/0.92))/((((9*'리그 투수'!$Q$46)+((M23/G23)*(Z23/0.92))+((9-(M23/G23))*'리그 투수'!$Q$46))/18+2)*1.5))-0.38)/9*M23)*0.35+((((AC23^2)/((AC23^2)+(100^2))-0.38)/9*M23))*(0.08+(H23/140)),2) -> 1.11 | G23: 14 | H23: 14 | I23: 6 | J23: 3 | K23: 0 | L23: 0 | M23: =81+1/3 -> 81.333333 | N23: 38 | O23: 40 | P23: 354 | Q23: 73 | R23: 13 | S23: 4 | T23: 7 | U23: 33 | V23: 11 | W23: 1 | X23: 63 | Y23: =9*N23/M23 -> 4.204918 | Z23: =9*O23/M23 -> 4.4262295 | AA23: =('연도별 상수'!$Y$46*T23+'연도별 상수'!$Z$46*(U23+V23)+'연도별 상수'!$AA$46*X23)/M23+'연도별 상수'!$V$46 -> 4.8654904 | AB23: =ROUND((Q23+U23)/M23,2) -> 1.3 | AC23: =TEXT(100*(2-(Y23/'리그 투수'!$P$46)*(1/AE23)),"0.0") -> 115.0 | AD23: =TEXT(100*(2-(AA23/'리그 투수'!$Q$46)*(1/AE23)),"0.0") -> 102.4 | AE23: ='연도별 상수'!$E$46*0.77+0.23 -> 1.0537884 | AF23: 1 | AG23: 239 | AH23: 39.3 | AI23: 47.4 | AJ23: 13.4
A24: 22 | B24: 왕옌청 | C24: SP | D24: HAN | E24: ='연도별 상수'!$A$46 -> 2026 | F24: =ROUND((((0.5+(('리그 투수'!$Q$46)-(AA24/0.92/AE24))/((((9*'리그 투수'!$Q$46)+((M24/G24)*(AA24/0.92/AE24))+((9-(M24/G24))*'리그 투수'!$Q$46))/18+2)*1.5))-0.38)/9*M24)*(0.5+(H24/330))+(((0.5+(('리그 투수'!$Q$46)-(Z24/0.92))/((((9*'리그 투수'!$Q$46)+((M24/G24)*(Z24/0.92))+((9-(M24/G24))*'리그 투수'!$Q$46))/18+2)*1.5))-0.38)/9*M24)*0.35+((((AC24^2)/((AC24^2)+(100^2))-0.38)/9*M24))*(0.08+(H24/140)),2) -> 1.21 | G24: 15 | H24: 15 | I24: 5 | J24: 3 | K24: 0 | L24: 0 | M24: =74+2/3 -> 74.666667 | N24: 31 | O24: 41 | P24: 335 | Q24: 77 | R24: 12 | S24: 0 | T24: 6 | U24: 35 | V24: 6 | W24: 0 | X24: 63 | Y24: =9*N24/M24 -> 3.7366071 | Z24: =9*O24/M24 -> 4.9419643 | AA24: =('연도별 상수'!$Y$46*T24+'연도별 상수'!$Z$46*(U24+V24)+'연도별 상수'!$AA$46*X24)/M24+'연도별 상수'!$V$46 -> 4.6500849 | AB24: =ROUND((Q24+U24)/M24,2) -> 1.5 | AC24: =TEXT(100*(2-(Y24/'리그 투수'!$P$46)*(1/AE24)),"0.0") -> 129.6 | AD24: =TEXT(100*(2-(AA24/'리그 투수'!$Q$46)*(1/AE24)),"0.0") -> 113.1 | AE24: ='연도별 상수'!$F$46*0.77+0.23 -> 1.1314944 | AF24: 1 | AG24: 224 | AH24: 56.3 | AI24: 30.7 | AJ24: 13
A25: 23 | B25: 잭로그 | C25: SP | D25: DOO | E25: ='연도별 상수'!$A$46 -> 2026 | F25: =ROUND((((0.5+(('리그 투수'!$Q$46)-(AA25/0.92/AE25))/((((9*'리그 투수'!$Q$46)+((M25/G25)*(AA25/0.92/AE25))+((9-(M25/G25))*'리그 투수'!$Q$46))/18+2)*1.5))-0.38)/9*M25)*(0.5+(H25/330))+(((0.5+(('리그 투수'!$Q$46)-(Z25/0.92))/((((9*'리그 투수'!$Q$46)+((M25/G25)*(Z25/0.92))+((9-(M25/G25))*'리그 투수'!$Q$46))/18+2)*1.5))-0.38)/9*M25)*0.35+((((AC25^2)/((AC25^2)+(100^2))-0.38)/9*M25))*(0.08+(H25/140)),2) -> 0.79 | G25: 14 | H25: 14 | I25: 3 | J25: 5 | K25: 0 | L25: 0 | M25: 75 | N25: 37 | O25: 40 | P25: 335 | Q25: 94 | R25: 19 | S25: 1 | T25: 9 | U25: 13 | V25: 5 | W25: 0 | X25: 64 | Y25: =9*N25/M25 -> 4.44 | Z25: =9*O25/M25 -> 4.8 | AA25: =('연도별 상수'!$Y$46*T25+'연도별 상수'!$Z$46*(U25+V25)+'연도별 상수'!$AA$46*X25)/M25+'연도별 상수'!$V$46 -> 4.112698 | AB25: =ROUND((Q25+U25)/M25,2) -> 1.43 | AC25: =TEXT(100*(2-(Y25/'리그 투수'!$P$46)*(1/AE25)),"0.0") -> 95.0 | AD25: =TEXT(100*(2-(AA25/'리그 투수'!$Q$46)*(1/AE25)),"0.0") -> 103.5 | AE25: ='연도별 상수'!$B$46*0.77+0.23 -> 0.90131834 | AF25: 1 | AG25: 242 | AH25: 53 | AI25: 32.8 | AJ25: 14.2
A26: 24 | B26: 테일러 | C26: SP | D26: NC | E26: ='연도별 상수'!$A$46 -> 2026 | F26: =ROUND((((0.5+(('리그 투수'!$Q$46)-(AA26/0.92/AE26))/((((9*'리그 투수'!$Q$46)+((M26/G26)*(AA26/0.92/AE26))+((9-(M26/G26))*'리그 투수'!$Q$46))/18+2)*1.5))-0.38)/9*M26)*(0.5+(H26/330))+(((0.5+(('리그 투수'!$Q$46)-(Z26/0.92))/((((9*'리그 투수'!$Q$46)+((M26/G26)*(Z26/0.92))+((9-(M26/G26))*'리그 투수'!$Q$46))/18+2)*1.5))-0.38)/9*M26)*0.35+((((AC26^2)/((AC26^2)+(100^2))-0.38)/9*M26))*(0.08+(H26/140)),2) -> 0.76 | G26: 13 | H26: 13 | I26: 5 | J26: 4 | K26: 0 | L26: 0 | M26: =68+1/3 -> 68.333333 | N26: 34 | O26: 38 | P26: 293 | Q26: 65 | R26: 14 | S26: 1 | T26: 3 | U26: 29 | V26: 5 | W26: 0 | X26: 50 | Y26: =9*N26/M26 -> 4.4780488 | Z26: =9*O26/M26 -> 5.004878 | AA26: =('연도별 상수'!$Y$46*T26+'연도별 상수'!$Z$46*(U26+V26)+'연도별 상수'!$AA$46*X26)/M26+'연도별 상수'!$V$46 -> 4.3277874 | AB26: =ROUND((Q26+U26)/M26,2) -> 1.38 | AC26: =TEXT(100*(2-(Y26/'리그 투수'!$P$46)*(1/AE26)),"0.0") -> 102.2 | AD26: =TEXT(100*(2-(AA26/'리그 투수'!$Q$46)*(1/AE26)),"0.0") -> 106.2 | AE26: ='연도별 상수'!$J$46*0.77+0.23 -> 0.97573884 | AF26: 1 | AG26: 205 | AH26: 49.8 | AI26: 36.4 | AJ26: 13.9
A27: 25 | B27: 에르난데스 | C27: SP | D27: HAN | E27: ='연도별 상수'!$A$46 -> 2026 | F27: =ROUND((((0.5+(('리그 투수'!$Q$46)-(AA27/0.92/AE27))/((((9*'리그 투수'!$Q$46)+((M27/G27)*(AA27/0.92/AE27))+((9-(M27/G27))*'리그 투수'!$Q$46))/18+2)*1.5))-0.38)/9*M27)*(0.5+(H27/330))+(((0.5+(('리그 투수'!$Q$46)-(Z27/0.92))/((((9*'리그 투수'!$Q$46)+((M27/G27)*(Z27/0.92))+((9-(M27/G27))*'리그 투수'!$Q$46))/18+2)*1.5))-0.38)/9*M27)*0.35+((((AC27^2)/((AC27^2)+(100^2))-0.38)/9*M27))*(0.08+(H27/140)),2) -> 1.06 | G27: 13 | H27: 13 | I27: 3 | J27: 4 | K27: 0 | L27: 0 | M27: =66+1/3 -> 66.333333 | N27: 31 | O27: 34 | P27: 279 | Q27: 67 | R27: 11 | S27: 0 | T27: 6 | U27: 26 | V27: 1 | W27: 0 | X27: 45 | Y27: =9*N27/M27 -> 4.2060302 | Z27: =9*O27/M27 -> 4.6130653 | AA27: =('연도별 상수'!$Y$46*T27+'연도별 상수'!$Z$46*(U27+V27)+'연도별 상수'!$AA$46*X27)/M27+'연도별 상수'!$V$46 -> 4.7299911 | AB27: =ROUND((Q27+U27)/M27,2) -> 1.4 | AC27: =TEXT(100*(2-(Y27/'리그 투수'!$P$46)*(1/AE27)),"0.0") -> 120.8 | AD27: =TEXT(100*(2-(AA27/'리그 투수'!$Q$46)*(1/AE27)),"0.0") -> 111.6 | AE27: ='연도별 상수'!$F$46*0.77+0.23 -> 1.1314944 | AF27: 1 | AG27: 199 | AH27: 43 | AI27: 44.4 | AJ27: 12.6
A28: 26 | B28: 박세웅 | C28: SP | D28: LOT | E28: ='연도별 상수'!$A$46 -> 2026 | F28: =ROUND((((0.5+(('리그 투수'!$Q$46)-(AA28/0.92/AE28))/((((9*'리그 투수'!$Q$46)+((M28/G28)*(AA28/0.92/AE28))+((9-(M28/G28))*'리그 투수'!$Q$46))/18+2)*1.5))-0.38)/9*M28)*(0.5+(H28/330))+(((0.5+(('리그 투수'!$Q$46)-(Z28/0.92))/((((9*'리그 투수'!$Q$46)+((M28/G28)*(Z28/0.92))+((9-(M28/G28))*'리그 투수'!$Q$46))/18+2)*1.5))-0.38)/9*M28)*0.35+((((AC28^2)/((AC28^2)+(100^2))-0.38)/9*M28))*(0.08+(H28/140)),2) -> 0.93 | G28: 13 | H28: 13 | I28: 2 | J28: 5 | K28: 0 | L28: 0 | M28: =70+2/3 -> 70.666667 | N28: 38 | O28: 43 | P28: 321 | Q28: 79 | R28: 22 | S28: 1 | T28: 5 | U28: 31 | V28: 6 | W28: 0 | X28: 60 | Y28: =9*N28/M28 -> 4.8396226 | Z28: =9*O28/M28 -> 5.4764151 | AA28: =('연도별 상수'!$Y$46*T28+'연도별 상수'!$Z$46*(U28+V28)+'연도별 상수'!$AA$46*X28)/M28+'연도별 상수'!$V$46 -> 4.4399181 | AB28: =ROUND((Q28+U28)/M28,2) -> 1.56 | AC28: =TEXT(100*(2-(Y28/'리그 투수'!$P$46)*(1/AE28)),"0.0") -> 108.4 | AD28: =TEXT(100*(2-(AA28/'리그 투수'!$Q$46)*(1/AE28)),"0.0") -> 116.6 | AE28: ='연도별 상수'!$I$46*0.77+0.23 -> 1.1261052 | AF28: 0 | AG28: 216 | AH28: 49.1 | AI28: 36.6 | AJ28: 14.3
A29: 27 | B29: 로드리게스 | C29: SP | D29: LOT | E29: ='연도별 상수'!$A$46 -> 2026 | F29: =ROUND((((0.5+(('리그 투수'!$Q$46)-(AA29/0.92/AE29))/((((9*'리그 투수'!$Q$46)+((M29/G29)*(AA29/0.92/AE29))+((9-(M29/G29))*'리그 투수'!$Q$46))/18+2)*1.5))-0.38)/9*M29)*(0.5+(H29/330))+(((0.5+(('리그 투수'!$Q$46)-(Z29/0.92))/((((9*'리그 투수'!$Q$46)+((M29/G29)*(Z29/0.92))+((9-(M29/G29))*'리그 투수'!$Q$46))/18+2)*1.5))-0.38)/9*M29)*0.35+((((AC29^2)/((AC29^2)+(100^2))-0.38)/9*M29))*(0.08+(H29/140)),2) -> 0.89 | G29: 13 | H29: 13 | I29: 4 | J29: 5 | K29: 0 | L29: 0 | M29: =69+2/3 -> 69.666667 | N29: 38 | O29: 40 | P29: 306 | Q29: 70 | R29: 11 | S29: 2 | T29: 12 | U29: 26 | V29: 3 | W29: 0 | X29: 77 | Y29: =9*N29/M29 -> 4.9090909 | Z29: =9*O29/M29 -> 5.1674641 | AA29: =('연도별 상수'!$Y$46*T29+'연도별 상수'!$Z$46*(U29+V29)+'연도별 상수'!$AA$46*X29)/M29+'연도별 상수'!$V$46 -> 4.6739165 | AB29: =ROUND((Q29+U29)/M29,2) -> 1.38 | AC29: =TEXT(100*(2-(Y29/'리그 투수'!$P$46)*(1/AE29)),"0.0") -> 107.1 | AD29: =TEXT(100*(2-(AA29/'리그 투수'!$Q$46)*(1/AE29)),"0.0") -> 112.2 | AE29: ='연도별 상수'!$I$46*0.77+0.23 -> 1.1261052 | AF29: 1 | AG29: 186 | AH29: 44 | AI29: 41 | AJ29: 15
A30: 28 | B30: 양창섭 | C30: SP | D30: SAM | E30: ='연도별 상수'!$A$46 -> 2026 | F30: =ROUND((((0.5+(('리그 투수'!$Q$46)-(AA30/0.92/AE30))/((((9*'리그 투수'!$Q$46)+((M30/G30)*(AA30/0.92/AE30))+((9-(M30/G30))*'리그 투수'!$Q$46))/18+2)*1.5))-0.38)/9*M30)*(0.5+(H30/330))+(((0.5+(('리그 투수'!$Q$46)-(Z30/0.92))/((((9*'리그 투수'!$Q$46)+((M30/G30)*(Z30/0.92))+((9-(M30/G30))*'리그 투수'!$Q$46))/18+2)*1.5))-0.38)/9*M30)*0.35+((((AC30^2)/((AC30^2)+(100^2))-0.38)/9*M30))*(0.08+(H30/140)),2) -> 0.59 | G30: 12 | H30: 9 | I30: 5 | J30: 0 | K30: 0 | L30: 0 | M30: =49+2/3 -> 49.666667 | N30: 25 | O30: 26 | P30: 216 | Q30: 52 | R30: 10 | S30: 0 | T30: 7 | U30: 14 | V30: 3 | W30: 0 | X30: 43 | Y30: =9*N30/M30 -> 4.5302013 | Z30: =9*O30/M30 -> 4.7114094 | AA30: =('연도별 상수'!$Y$46*T30+'연도별 상수'!$Z$46*(U30+V30)+'연도별 상수'!$AA$46*X30)/M30+'연도별 상수'!$V$46 -> 4.660179 | AB30: =ROUND((Q30+U30)/M30,2) -> 1.33 | AC30: =TEXT(100*(2-(Y30/'리그 투수'!$P$46)*(1/AE30)),"0.0") -> 107.4 | AD30: =TEXT(100*(2-(AA30/'리그 투수'!$Q$46)*(1/AE30)),"0.0") -> 105.5 | AE30: ='연도별 상수'!$H$46*0.77+0.23 -> 1.0426241 | AF30: 0 | AG30: 149 | AH30: 42.9 | AI30: 48.1 | AJ30: 9
A31: 29 | B31: 배동현 | C31: SP | D31: KIW | E31: ='연도별 상수'!$A$46 -> 2026 | F31: =ROUND((((0.5+(('리그 투수'!$Q$46)-(AA31/0.92/AE31))/((((9*'리그 투수'!$Q$46)+((M31/G31)*(AA31/0.92/AE31))+((9-(M31/G31))*'리그 투수'!$Q$46))/18+2)*1.5))-0.38)/9*M31)*(0.5+(H31/330))+(((0.5+(('리그 투수'!$Q$46)-(Z31/0.92))/((((9*'리그 투수'!$Q$46)+((M31/G31)*(Z31/0.92))+((9-(M31/G31))*'리그 투수'!$Q$46))/18+2)*1.5))-0.38)/9*M31)*0.35+((((AC31^2)/((AC31^2)+(100^2))-0.38)/9*M31))*(0.08+(H31/140)),2) -> 0.58 | G31: 14 | H31: 9 | I31: 4 | J31: 5 | K31: 0 | L31: 0 | M31: 60 | N31: 34 | O31: 34 | P31: 272 | Q31: 78 | R31: 21 | S31: 2 | T31: 6 | U31: 16 | V31: 2 | W31: 0 | X31: 51 | Y31: =9*N31/M31 -> 5.1 | Z31: =9*O31/M31 -> 5.1 | AA31: =('연도별 상수'!$Y$46*T31+'연도별 상수'!$Z$46*(U31+V31)+'연도별 상수'!$AA$46*X31)/M31+'연도별 상수'!$V$46 -> 4.0730313 | AB31: =ROUND((Q31+U31)/M31,2) -> 1.57 | AC31: =TEXT(100*(2-(Y31/'리그 투수'!$P$46)*(1/AE31)),"0.0") -> 85.3 | AD31: =TEXT(100*(2-(AA31/'리그 투수'!$Q$46)*(1/AE31)),"0.0") -> 109.1 | AE31: ='연도별 상수'!$C$46*0.77+0.23 -> 0.94742979 | AF31: 0 | AG31: 195 | AH31: 37.9 | AI31: 47.3 | AJ31: 14.8
A32: 30 | B32: 오원석 | C32: SP | D32: KT | E32: ='연도별 상수'!$A$46 -> 2026 | F32: =ROUND((((0.5+(('리그 투수'!$Q$46)-(AA32/0.92/AE32))/((((9*'리그 투수'!$Q$46)+((M32/G32)*(AA32/0.92/AE32))+((9-(M32/G32))*'리그 투수'!$Q$46))/18+2)*1.5))-0.38)/9*M32)*(0.5+(H32/330))+(((0.5+(('리그 투수'!$Q$46)-(Z32/0.92))/((((9*'리그 투수'!$Q$46)+((M32/G32)*(Z32/0.92))+((9-(M32/G32))*'리그 투수'!$Q$46))/18+2)*1.5))-0.38)/9*M32)*0.35+((((AC32^2)/((AC32^2)+(100^2))-0.38)/9*M32))*(0.08+(H32/140)),2) -> 0.62 | G32: 13 | H32: 13 | I32: 4 | J32: 5 | K32: 0 | L32: 0 | M32: =66+1/3 -> 66.333333 | N32: 41 | O32: 44 | P32: 291 | Q32: 81 | R32: 11 | S32: 0 | T32: 7 | U32: 20 | V32: 1 | W32: 0 | X32: 58 | Y32: =9*N32/M32 -> 5.5628141 | Z32: =9*O32/M32 -> 5.9698492 | AA32: =('연도별 상수'!$Y$46*T32+'연도별 상수'!$Z$46*(U32+V32)+'연도별 상수'!$AA$46*X32)/M32+'연도별 상수'!$V$46 -> 4.1314987 | AB32: =ROUND((Q32+U32)/M32,2) -> 1.52 | AC32: =TEXT(100*(2-(Y32/'리그 투수'!$P$46)*(1/AE32)),"0.0") -> 87.5 | AD32: =TEXT(100*(2-(AA32/'리그 투수'!$Q$46)*(1/AE32)),"0.0") -> 117.1 | AE32: ='연도별 상수'!$E$46*0.77+0.23 -> 1.0537884 | AF32: 0 | AG32: 203 | AH32: 52.8 | AI32: 29.2 | AJ32: 17.9
A33: 31 | B33: 토다 | C33: SP | D33: NC | E33: ='연도별 상수'!$A$46 -> 2026 | F33: =ROUND((((0.5+(('리그 투수'!$Q$46)-(AA33/0.92/AE33))/((((9*'리그 투수'!$Q$46)+((M33/G33)*(AA33/0.92/AE33))+((9-(M33/G33))*'리그 투수'!$Q$46))/18+2)*1.5))-0.38)/9*M33)*(0.5+(H33/330))+(((0.5+(('리그 투수'!$Q$46)-(Z33/0.92))/((((9*'리그 투수'!$Q$46)+((M33/G33)*(Z33/0.92))+((9-(M33/G33))*'리그 투수'!$Q$46))/18+2)*1.5))-0.38)/9*M33)*0.35+((((AC33^2)/((AC33^2)+(100^2))-0.38)/9*M33))*(0.08+(H33/140)),2) -> 0.37 | G33: 13 | H33: 13 | I33: 3 | J33: 5 | K33: 0 | L33: 0 | M33: =66+2/3 -> 66.666667 | N33: 35 | O33: 41 | P33: 298 | Q33: 79 | R33: 12 | S33: 2 | T33: 8 | U33: 23 | V33: 1 | W33: 0 | X33: 49 | Y33: =9*N33/M33 -> 4.725 | Z33: =9*O33/M33 -> 5.535 | AA33: =('연도별 상수'!$Y$46*T33+'연도별 상수'!$Z$46*(U33+V33)+'연도별 상수'!$AA$46*X33)/M33+'연도별 상수'!$V$46 -> 4.7925313 | AB33: =ROUND((Q33+U33)/M33,2) -> 1.53 | AC33: =TEXT(100*(2-(Y33/'리그 투수'!$P$46)*(1/AE33)),"0.0") -> 96.8 | AD33: =TEXT(100*(2-(AA33/'리그 투수'!$Q$46)*(1/AE33)),"0.0") -> 96.1 | AE33: ='연도별 상수'!$J$46*0.77+0.23 -> 0.97573884 | AF33: 1 | AG33: 214 | AH33: 44.4 | AI33: 40 | AJ33: 15.6
A34: 33 | B34: 하영민 | C34: SP | D34: KIW | E34: ='연도별 상수'!$A$46 -> 2026 | F34: =ROUND((((0.5+(('리그 투수'!$Q$46)-(AA34/0.92/AE34))/((((9*'리그 투수'!$Q$46)+((M34/G34)*(AA34/0.92/AE34))+((9-(M34/G34))*'리그 투수'!$Q$46))/18+2)*1.5))-0.38)/9*M34)*(0.5+(H34/330))+(((0.5+(('리그 투수'!$Q$46)-(Z34/0.92))/((((9*'리그 투수'!$Q$46)+((M34/G34)*(Z34/0.92))+((9-(M34/G34))*'리그 투수'!$Q$46))/18+2)*1.5))-0.38)/9*M34)*0.35+((((AC34^2)/((AC34^2)+(100^2))-0.38)/9*M34))*(0.08+(H34/140)),2) -> 0.25 | G34: 13 | H34: 10 | I34: 2 | J34: 5 | K34: 0 | L34: 0 | M34: 54 | N34: 27 | O34: 32 | P34: 244 | Q34: 55 | R34: 11 | S34: 2 | T34: 6 | U34: 26 | V34: 3 | W34: 0 | X34: 47 | Y34: =9*N34/M34 -> 4.5 | Z34: =9*O34/M34 -> 5.3333333 | AA34: =('연도별 상수'!$Y$46*T34+'연도별 상수'!$Z$46*(U34+V34)+'연도별 상수'!$AA$46*X34)/M34+'연도별 상수'!$V$46 -> 4.9139573 | AB34: =ROUND((Q34+U34)/M34,2) -> 1.5 | AC34: =TEXT(100*(2-(Y34/'리그 투수'!$P$46)*(1/AE34)),"0.0") -> 98.8 | AD34: =TEXT(100*(2-(AA34/'리그 투수'!$Q$46)*(1/AE34)),"0.0") -> 90.3 | AE34: ='연도별 상수'!$C$46*0.77+0.23 -> 0.94742979 | AF34: 0 | AG34: 160 | AH34: 35.5 | AI34: 42 | AJ34: 22.5
A35: 34 | B35: 양현종 | C35: SP | D35: KIA | E35: ='연도별 상수'!$A$46 -> 2026 | F35: =ROUND((((0.5+(('리그 투수'!$Q$46)-(AA35/0.92/AE35))/((((9*'리그 투수'!$Q$46)+((M35/G35)*(AA35/0.92/AE35))+((9-(M35/G35))*'리그 투수'!$Q$46))/18+2)*1.5))-0.38)/9*M35)*(0.5+(H35/330))+(((0.5+(('리그 투수'!$Q$46)-(Z35/0.92))/((((9*'리그 투수'!$Q$46)+((M35/G35)*(Z35/0.92))+((9-(M35/G35))*'리그 투수'!$Q$46))/18+2)*1.5))-0.38)/9*M35)*0.35+((((AC35^2)/((AC35^2)+(100^2))-0.38)/9*M35))*(0.08+(H35/140)),2) -> 0.03 | G35: 13 | H35: 13 | I35: 4 | J35: 5 | K35: 0 | L35: 0 | M35: =63+1/3 -> 63.333333 | N35: 29 | O35: 34 | P35: 282 | Q35: 60 | R35: 9 | S35: 0 | T35: 10 | U35: 33 | V35: 1 | W35: 0 | X35: 41 | Y35: =9*N35/M35 -> 4.1210526 | Z35: =9*O35/M35 -> 4.8315789 | AA35: =('연도별 상수'!$Y$46*T35+'연도별 상수'!$Z$46*(U35+V35)+'연도별 상수'!$AA$46*X35)/M35+'연도별 상수'!$V$46 -> 6.0322419 | AB35: =ROUND((Q35+U35)/M35,2) -> 1.47 | AC35: =TEXT(100*(2-(Y35/'리그 투수'!$P$46)*(1/AE35)),"0.0") -> 106.4 | AD35: =TEXT(100*(2-(AA35/'리그 투수'!$Q$46)*(1/AE35)),"0.0") -> 64.0 | AE35: ='연도별 상수'!$G$46*0.77+0.23 -> 0.93792953 | AF35: 0 | AG35: 193 | AH35: 44.4 | AI35: 45.9 | AJ35: 9.7
A36: 35 | B36: 장찬희 | C36: SP | D36: SAM | E36: ='연도별 상수'!$A$46 -> 2026 | F36: =ROUND((((0.5+(('리그 투수'!$Q$46)-(AA36/0.92/AE36))/((((9*'리그 투수'!$Q$46)+((M36/G36)*(AA36/0.92/AE36))+((9-(M36/G36))*'리그 투수'!$Q$46))/18+2)*1.5))-0.38)/9*M36)*(0.5+(H36/330))+(((0.5+(('리그 투수'!$Q$46)-(Z36/0.92))/((((9*'리그 투수'!$Q$46)+((M36/G36)*(Z36/0.92))+((9-(M36/G36))*'리그 투수'!$Q$46))/18+2)*1.5))-0.38)/9*M36)*0.35+((((AC36^2)/((AC36^2)+(100^2))-0.38)/9*M36))*(0.08+(H36/140)),2) -> 0.12 | G36: 17 | H36: 7 | I36: 4 | J36: 4 | K36: 0 | L36: 0 | M36: 50 | N36: 27 | O36: 29 | P36: 221 | Q36: 44 | R36: 10 | S36: 1 | T36: 8 | U36: 23 | V36: 4 | W36: 2 | X36: 37 | Y36: =9*N36/M36 -> 4.86 | Z36: =9*O36/M36 -> 5.22 | AA36: =('연도별 상수'!$Y$46*T36+'연도별 상수'!$Z$46*(U36+V36)+'연도별 상수'!$AA$46*X36)/M36+'연도별 상수'!$V$46 -> 5.8360313 | AB36: =ROUND((Q36+U36)/M36,2) -> 1.34 | AC36: =TEXT(100*(2-(Y36/'리그 투수'!$P$46)*(1/AE36)),"0.0") -> 100.7 | AD36: =TEXT(100*(2-(AA36/'리그 투수'!$Q$46)*(1/AE36)),"0.0") -> 81.6 | AE36: ='연도별 상수'!$H$46*0.77+0.23 -> 1.0426241 | AF36: 0 | AG36: 147 | AH36: 44.6 | AI36: 46.5 | AJ36: 8.9
A37: 36 | B37: 최민준 | C37: SP | D37: SSG | E37: ='연도별 상수'!$A$46 -> 2026 | F37: =ROUND((((0.5+(('리그 투수'!$Q$46)-(AA37/0.92/AE37))/((((9*'리그 투수'!$Q$46)+((M37/G37)*(AA37/0.92/AE37))+((9-(M37/G37))*'리그 투수'!$Q$46))/18+2)*1.5))-0.38)/9*M37)*(0.5+(H37/330))+(((0.5+(('리그 투수'!$Q$46)-(Z37/0.92))/((((9*'리그 투수'!$Q$46)+((M37/G37)*(Z37/0.92))+((9-(M37/G37))*'리그 투수'!$Q$46))/18+2)*1.5))-0.38)/9*M37)*0.35+((((AC37^2)/((AC37^2)+(100^2))-0.38)/9*M37))*(0.08+(H37/140)),2) -> -0.03 | G37: 13 | H37: 13 | I37: 1 | J37: 4 | K37: 0 | L37: 0 | M37: =57+2/3 -> 57.666667 | N37: 31 | O37: 36 | P37: 255 | Q37: 57 | R37: 5 | S37: 0 | T37: 9 | U37: 27 | V37: 3 | W37: 0 | X37: 47 | Y37: =9*N37/M37 -> 4.8381503 | Z37: =9*O37/M37 -> 5.6184971 | AA37: =('연도별 상수'!$Y$46*T37+'연도별 상수'!$Z$46*(U37+V37)+'연도별 상수'!$AA$46*X37)/M37+'연도별 상수'!$V$46 -> 5.5380313 | AB37: =ROUND((Q37+U37)/M37,2) -> 1.46 | AC37: =TEXT(100*(2-(Y37/'리그 투수'!$P$46)*(1/AE37)),"0.0") -> 92.2 | AD37: =TEXT(100*(2-(AA37/'리그 투수'!$Q$46)*(1/AE37)),"0.0") -> 77.6 | AE37: ='연도별 상수'!$D$46*0.77+0.23 -> 0.95640799 | AF37: 0 | AG37: 168 | AH37: 51.1 | AI37: 38.2 | AJ37: 10.7
A38: 37 | B38: 김건우 | C38: SP | D38: SSG | E38: ='연도별 상수'!$A$46 -> 2026 | F38: =ROUND((((0.5+(('리그 투수'!$Q$46)-(AA38/0.92/AE38))/((((9*'리그 투수'!$Q$46)+((M38/G38)*(AA38/0.92/AE38))+((9-(M38/G38))*'리그 투수'!$Q$46))/18+2)*1.5))-0.38)/9*M38)*(0.5+(H38/330))+(((0.5+(('리그 투수'!$Q$46)-(Z38/0.92))/((((9*'리그 투수'!$Q$46)+((M38/G38)*(Z38/0.92))+((9-(M38/G38))*'리그 투수'!$Q$46))/18+2)*1.5))-0.38)/9*M38)*0.35+((((AC38^2)/((AC38^2)+(100^2))-0.38)/9*M38))*(0.08+(H38/140)),2) -> -0.14 | G38: 14 | H38: 14 | I38: 6 | J38: 4 | K38: 0 | L38: 0 | M38: 68 | N38: 41 | O38: 43 | P38: 305 | Q38: 70 | R38: 10 | S38: 1 | T38: 9 | U38: 36 | V38: 4 | W38: 0 | X38: 54 | Y38: =9*N38/M38 -> 5.4264706 | Z38: =9*O38/M38 -> 5.6911765 | AA38: =('연도별 상수'!$Y$46*T38+'연도별 상수'!$Z$46*(U38+V38)+'연도별 상수'!$AA$46*X38)/M38+'연도별 상수'!$V$46 -> 5.5233255 | AB38: =ROUND((Q38+U38)/M38,2) -> 1.56 | AC38: =TEXT(100*(2-(Y38/'리그 투수'!$P$46)*(1/AE38)),"0.0") -> 79.1 | AD38: =TEXT(100*(2-(AA38/'리그 투수'!$Q$46)*(1/AE38)),"0.0") -> 77.9 | AE38: ='연도별 상수'!$D$46*0.77+0.23 -> 0.95640799 | AF38: 0 | AG38: 200 | AH38: 41.7 | AI38: 46.9 | AJ38: 11.4
A39: 38 | B39: 최승용 | C39: SP | D39: DOO | E39: ='연도별 상수'!$A$46 -> 2026 | F39: =ROUND((((0.5+(('리그 투수'!$Q$46)-(AA39/0.92/AE39))/((((9*'리그 투수'!$Q$46)+((M39/G39)*(AA39/0.92/AE39))+((9-(M39/G39))*'리그 투수'!$Q$46))/18+2)*1.5))-0.38)/9*M39)*(0.5+(H39/330))+(((0.5+(('리그 투수'!$Q$46)-(Z39/0.92))/((((9*'리그 투수'!$Q$46)+((M39/G39)*(Z39/0.92))+((9-(M39/G39))*'리그 투수'!$Q$46))/18+2)*1.5))-0.38)/9*M39)*0.35+((((AC39^2)/((AC39^2)+(100^2))-0.38)/9*M39))*(0.08+(H39/140)),2) -> -0.17 | G39: 13 | H39: 13 | I39: 1 | J39: 6 | K39: 0 | L39: 0 | M39: =62+2/3 -> 62.666667 | N39: 38 | O39: 42 | P39: 288 | Q39: 76 | R39: 12 | S39: 1 | T39: 6 | U39: 24 | V39: 3 | W39: 0 | X39: 40 | Y39: =9*N39/M39 -> 5.4574468 | Z39: =9*O39/M39 -> 6.0319149 | AA39: =('연도별 상수'!$Y$46*T39+'연도별 상수'!$Z$46*(U39+V39)+'연도별 상수'!$AA$46*X39)/M39+'연도별 상수'!$V$46 -> 4.9699462 | AB39: =ROUND((Q39+U39)/M39,2) -> 1.6 | AC39: =TEXT(100*(2-(Y39/'리그 투수'!$P$46)*(1/AE39)),"0.0") -> 71.0 | AD39: =TEXT(100*(2-(AA39/'리그 투수'!$Q$46)*(1/AE39)),"0.0") -> 83.4 | AE39: ='연도별 상수'!$B$46*0.77+0.23 -> 0.90131834 | AF39: 0 | AG39: 209 | AH39: 45.7 | AI39: 41.2 | AJ39: 13.1
A40: 39 | B40: 타케다 | C40: SP | D40: SSG | E40: ='연도별 상수'!$A$46 -> 2026 | F40: =ROUND((((0.5+(('리그 투수'!$Q$46)-(AA40/0.92/AE40))/((((9*'리그 투수'!$Q$46)+((M40/G40)*(AA40/0.92/AE40))+((9-(M40/G40))*'리그 투수'!$Q$46))/18+2)*1.5))-0.38)/9*M40)*(0.5+(H40/330))+(((0.5+(('리그 투수'!$Q$46)-(Z40/0.92))/((((9*'리그 투수'!$Q$46)+((M40/G40)*(Z40/0.92))+((9-(M40/G40))*'리그 투수'!$Q$46))/18+2)*1.5))-0.38)/9*M40)*0.35+((((AC40^2)/((AC40^2)+(100^2))-0.38)/9*M40))*(0.08+(H40/140)),2) -> -0.38 | G40: 13 | H40: 13 | I40: 1 | J40: 6 | K40: 0 | L40: 0 | M40: =58+2/3 -> 58.666667 | N40: 46 | O40: 47 | P40: 280 | Q40: 77 | R40: 12 | S40: 1 | T40: 5 | U40: 29 | V40: 2 | W40: 0 | X40: 49 | Y40: =9*N40/M40 -> 7.0568182 | Z40: =9*O40/M40 -> 7.2102273 | AA40: =('연도별 상수'!$Y$46*T40+'연도별 상수'!$Z$46*(U40+V40)+'연도별 상수'!$AA$46*X40)/M40+'연도별 상수'!$V$46 -> 4.6635995 | AB40: =ROUND((Q40+U40)/M40,2) -> 1.81 | AC40: =TEXT(100*(2-(Y40/'리그 투수'!$P$46)*(1/AE40)),"0.0") -> 42.7 | AD40: =TEXT(100*(2-(AA40/'리그 투수'!$Q$46)*(1/AE40)),"0.0") -> 96.9 | AE40: ='연도별 상수'!$D$46*0.77+0.23 -> 0.95640799 | AF40: 1 | AG40: 194 | AH40: 53.5 | AI40: 33.5 | AJ40: 13
A41: 40 | B41: 베니지아노 | C41: SP | D41: SSG | E41: ='연도별 상수'!$A$46 -> 2026 | F41: =ROUND((((0.5+(('리그 투수'!$Q$46)-(AA41/0.92/AE41))/((((9*'리그 투수'!$Q$46)+((M41/G41)*(AA41/0.92/AE41))+((9-(M41/G41))*'리그 투수'!$Q$46))/18+2)*1.5))-0.38)/9*M41)*(0.5+(H41/330))+(((0.5+(('리그 투수'!$Q$46)-(Z41/0.92))/((((9*'리그 투수'!$Q$46)+((M41/G41)*(Z41/0.92))+((9-(M41/G41))*'리그 투수'!$Q$46))/18+2)*1.5))-0.38)/9*M41)*0.35+((((AC41^2)/((AC41^2)+(100^2))-0.38)/9*M41))*(0.08+(H41/140)),2) -> -0.5 | G41: 14 | H41: 14 | I41: 2 | J41: 5 | K41: 0 | L41: 0 | M41: =70+2/3 -> 70.666667 | N41: 46 | O41: 51 | P41: 323 | Q41: 81 | R41: 14 | S41: 0 | T41: 12 | U41: 29 | V41: 7 | W41: 0 | X41: 57 | Y41: =9*N41/M41 -> 5.8584906 | Z41: =9*O41/M41 -> 6.495283 | AA41: =('연도별 상수'!$Y$46*T41+'연도별 상수'!$Z$46*(U41+V41)+'연도별 상수'!$AA$46*X41)/M41+'연도별 상수'!$V$46 -> 5.6894464 | AB41: =ROUND((Q41+U41)/M41,2) -> 1.56 | AC41: =TEXT(100*(2-(Y41/'리그 투수'!$P$46)*(1/AE41)),"0.0") -> 69.5 | AD41: =TEXT(100*(2-(AA41/'리그 투수'!$Q$46)*(1/AE41)),"0.0") -> 74.2 | AE41: ='연도별 상수'!$D$46*0.77+0.23 -> 0.95640799 | AF41: 1 | AG41: 212 | AH41: 47.8 | AI41: 36.1 | AJ41: 16.1

Sheet 확장-투수
A1: RK | B1: Player | C1: Pos | D1: Team | E1: Year | F1: xERA | G1: xFIP | H1: SIERA | I1: pFIP | J1: wERA | K1: WAR | L1: G | M1: IP | N1: K% | O1: BB% | P1: BIP | Q1: GB% | R1: FB% | S1: LD% | T1: GB/FB | U1: ='기본-투수'!AC1 -> ERA+ | V1: ='기본-투수'!AD1 -> FIP+ | W1: wOBA | X1: cFIP | Y1: % | Z1: Overall
A2: ='기본-투수'!A2 -> 0 | B2: ='기본-투수'!B2 -> 황동하 | C2: ='기본-투수'!C2 -> SP | D2: ='기본-투수'!D2 -> KIA | E2: ='기본-투수'!E2 -> 2026 | F2: =ROUND((0.54*G2)+(0.25*H2)+(1.46*W2)+0.21,2) -> 4.57 | G2: =ROUND(('연도별 상수'!$Y$45*(P2*(R2/100)*('리그 투수'!$W$45/100))+'연도별 상수'!$Z$45*('기본-투수'!U2+'기본-투수'!V2)+'연도별 상수'!$AA$45*'기본-투수'!X2)/('기본-투수'!P2/('리그 타자'!$C$45/'리그 투수'!$D$45))+'연도별 상수'!$V$45,2) -> 4.91 | H2: =ROUND('리그 투수'!$V$45-16.986*('기본-투수'!X2/'기본-투수'!P2)+11.434*('기본-투수'!U2/'기본-투수'!P2)-1.858*((P2*Q2/100)/'기본-투수'!P2)+7.653*('기본-투수'!X2/'기본-투수'!P2)^2-6.664*((P2*Q2/100)/'기본-투수'!P2)*('기본-투수'!X2/'기본-투수'!P2)+7.374*((P2*Q2/100)/'기본-투수'!P2)*('기본-투수'!U2/'기본-투수'!P2)-7.706*((P2*Q2/100)/'기본-투수'!P2)*('기본-투수'!X2/'기본-투수'!P2)^2,2) -> 4.82 | I2: =ROUND(('연도별 상수'!$Y$45*'기본-투수'!T2+'연도별 상수'!$Z$45*('기본-투수'!U2+'기본-투수'!V2)+'연도별 상수'!$AA$45*'기본-투수'!X2)/('기본-투수'!P2/('리그 타자'!$C$45/'리그 투수'!$D$45))+'연도별 상수'!$V$45,2) -> 5.63 | J2: =ROUND(W2^2*('리그 투수'!$P$45/('리그 타자'!$B$45^2))/'기본-투수'!AE2,2) -> 4.84 | K2: ='기본-투수'!F2 -> 0.04 | L2: ='기본-투수'!G2 -> 18 | M2: ='기본-투수'!M2 -> 68 | N2: =ROUND(100*'기본-투수'!X2/'기본-투수'!P2,1) -> 17.1 | O2: =ROUND(100*'기본-투수'!U2/'기본-투수'!P2,1) -> 9.2 | P2: ='기본-투수'!AG2 -> 201 | Q2: ='기본-투수'!AH2 -> 40.8 | R2: ='기본-투수'!AI2 -> 48.4 | S2: ='기본-투수'!AJ2 -> 10.8 | T2: =ROUND(Q2/R2,1) -> 0.8 | U2: ='기본-투수'!AC2 -> 100.8 | V2: ='기본-투수'!AD2 -> 70.8 | W2: =ROUND((('연도별 상수'!$N$45*('기본-투수'!U2-'기본-투수'!W2))+('연도별 상수'!$O$45*'기본-투수'!V2)+('연도별 상수'!$P$45*('기본-투수'!Q2-'기본-투수'!R2-'기본-투수'!S2-'기본-투수'!T2))+('연도별 상수'!$Q$45*'기본-투수'!R2)+('연도별 상수'!$R$44*'기본-투수'!S2)+('연도별 상수'!$S$45*'기본-투수'!T2))/('기본-투수'!P2-'기본-투수'!W2),3) -> 0.345 | X2: =ROUND(50+15*((50-(ROUND((1-(_xlfn.RANK.EQ(G2,G$2:G$278,1)-1)/(COUNT(G$2:G$278)-1))*100,0)*0.3+ROUND((1-(_xlfn.RANK.EQ(H2,H$2:H$278,1)-1)/(COUNT(H$2:H$278)-1))*100,0)*0.25+ROUND((1-(_xlfn.RANK.EQ(I2,I$2:I$278,1)-1)/(COUNT(I$2:I$278)-1))*100,0)*0.25+ROUND((1-(_xlfn.RANK.EQ(J2,J$2:J$278,1)-1)/(COUNT(J$2:J$278)-1))*100,0)*0.2))/21.13),1) -> 75.8 | Y2: =ROUND(_xlfn.NORM.DIST(X2,50,15,TRUE())*100,1)+1 -> 96.7 | Z2: =IF((50+_xlfn.NORM.S.INV(1-Y2/100)*10)>=50,_xlfn.FLOOR.MATH((50+_xlfn.NORM.S.INV(1-Y2/100)*10),5),_xlfn.CEILING.MATH((50+_xlfn.NORM.S.INV(1-Y2/100)*10),5)) -> 35
A3: ='기본-투수'!A3 -> 1 | B3: ='기본-투수'!B3 -> 올러 | C3: ='기본-투수'!C3 -> SP | D3: ='기본-투수'!D3 -> KIA | E3: ='기본-투수'!E3 -> 2026 | F3: =ROUND((0.54*G3)+(0.25*H3)+(1.46*W3)+0.21,2) -> 3.19 | G3: =ROUND(('연도별 상수'!$Y$45*(P3*(R3/100)*('리그 투수'!$W$45/100))+'연도별 상수'!$Z$45*('기본-투수'!U3+'기본-투수'!V3)+'연도별 상수'!$AA$45*'기본-투수'!X3)/('기본-투수'!P3/('리그 타자'!$C$45/'리그 투수'!$D$45))+'연도별 상수'!$V$45,2) -> 3.41 | H3: =ROUND('리그 투수'!$V$45-16.986*('기본-투수'!X3/'기본-투수'!P3)+11.434*('기본-투수'!U3/'기본-투수'!P3)-1.858*((P3*Q3/100)/'기본-투수'!P3)+7.653*('기본-투수'!X3/'기본-투수'!P3)^2-6.664*((P3*Q3/100)/'기본-투수'!P3)*('기본-투수'!X3/'기본-투수'!P3)+7.374*((P3*Q3/100)/'기본-투수'!P3)*('기본-투수'!U3/'기본-투수'!P3)-7.706*((P3*Q3/100)/'기본-투수'!P3)*('기본-투수'!X3/'기본-투수'!P3)^2,2) -> 3.08 | I3: =ROUND(('연도별 상수'!$Y$45*'기본-투수'!T3+'연도별 상수'!$Z$45*('기본-투수'!U3+'기본-투수'!V3)+'연도별 상수'!$AA$45*'기본-투수'!X3)/('기본-투수'!P3/('리그 타자'!$C$45/'리그 투수'!$D$45))+'연도별 상수'!$V$45,2) -> 3.2 | J3: =ROUND(W3^2*('리그 투수'!$P$45/('리그 타자'!$B$45^2))/'기본-투수'!AE3,2) -> 2.56 | K3: ='기본-투수'!F3 -> 2.64 | L3: ='기본-투수'!G3 -> 14 | M3: ='기본-투수'!M3 -> 87.333333 | N3: =ROUND(100*'기본-투수'!X3/'기본-투수'!P3,1) -> 26.7 | O3: =ROUND(100*'기본-투수'!U3/'기본-투수'!P3,1) -> 7.8 | P3: ='기본-투수'!AG3 -> 209 | Q3: ='기본-투수'!AH3 -> 44.5 | R3: ='기본-투수'!AI3 -> 43.2 | S3: ='기본-투수'!AJ3 -> 12.3 | T3: =ROUND(Q3/R3,1) -> 1 | U3: ='기본-투수'!AC3 -> 141.5 | V3: ='기본-투수'!AD3 -> 123.3 | W3: =ROUND((('연도별 상수'!$N$45*('기본-투수'!U3-'기본-투수'!W3))+('연도별 상수'!$O$45*'기본-투수'!V3)+('연도별 상수'!$P$45*('기본-투수'!Q3-'기본-투수'!R3-'기본-투수'!S3-'기본-투수'!T3))+('연도별 상수'!$Q$45*'기본-투수'!R3)+('연도별 상수'!$R$44*'기본-투수'!S3)+('연도별 상수'!$S$45*'기본-투수'!T3))/('기본-투수'!P3-'기본-투수'!W3),3) -> 0.251 | X3: =ROUND(50+15*((50-(ROUND((1-(_xlfn.RANK.EQ(G3,G$2:G$278,1)-1)/(COUNT(G$2:G$278)-1))*100,0)*0.3+ROUND((1-(_xlfn.RANK.EQ(H3,H$2:H$278,1)-1)/(COUNT(H$2:H$278)-1))*100,0)*0.25+ROUND((1-(_xlfn.RANK.EQ(I3,I$2:I$278,1)-1)/(COUNT(I$2:I$278)-1))*100,0)*0.25+ROUND((1-(_xlfn.RANK.EQ(J3,J$2:J$278,1)-1)/(COUNT(J$2:J$278)-1))*100,0)*0.2))/21.13),1) -> 19.9 | Y3: =ROUND(_xlfn.NORM.DIST(X3,50,15,TRUE())*100,1)+1 -> 3.2 | Z3: =IF((50+_xlfn.NORM.S.INV(1-Y3/100)*10)>=50,_xlfn.FLOOR.MATH((50+_xlfn.NORM.S.INV(1-Y3/100)*10),5),_xlfn.CEILING.MATH((50+_xlfn.NORM.S.INV(1-Y3/100)*10),5)) -> 65
A4: ='기본-투수'!A4 -> 2 | B4: ='기본-투수'!B4 -> 알칸타라 | C4: ='기본-투수'!C4 -> SP | D4: ='기본-투수'!D4 -> KIW | E4: ='기본-투수'!E4 -> 2026 | F4: =ROUND((0.54*G4)+(0.25*H4)+(1.46*W4)+0.21,2) -> 3.25 | G4: =ROUND(('연도별 상수'!$Y$45*(P4*(R4/100)*('리그 투수'!$W$45/100))+'연도별 상수'!$Z$45*('기본-투수'!U4+'기본-투수'!V4)+'연도별 상수'!$AA$45*'기본-투수'!X4)/('기본-투수'!P4/('리그 타자'!$C$45/'리그 투수'!$D$45))+'연도별 상수'!$V$45,2) -> 3.34 | H4: =ROUND('리그 투수'!$V$45-16.986*('기본-투수'!X4/'기본-투수'!P4)+11.434*('기본-투수'!U4/'기본-투수'!P4)-1.858*((P4*Q4/100)/'기본-투수'!P4)+7.653*('기본-투수'!X4/'기본-투수'!P4)^2-6.664*((P4*Q4/100)/'기본-투수'!P4)*('기본-투수'!X4/'기본-투수'!P4)+7.374*((P4*Q4/100)/'기본-투수'!P4)*('기본-투수'!U4/'기본-투수'!P4)-7.706*((P4*Q4/100)/'기본-투수'!P4)*('기본-투수'!X4/'기본-투수'!P4)^2,2) -> 3.18 | I4: =ROUND(('연도별 상수'!$Y$45*'기본-투수'!T4+'연도별 상수'!$Z$45*('기본-투수'!U4+'기본-투수'!V4)+'연도별 상수'!$AA$45*'기본-투수'!X4)/('기본-투수'!P4/('리그 타자'!$C$45/'리그 투수'!$D$45))+'연도별 상수'!$V$45,2) -> 3.64 | J4: =ROUND(W4^2*('리그 투수'!$P$45/('리그 타자'!$B$45^2))/'기본-투수'!AE4,2) -> 3.72 | K4: ='기본-투수'!F4 -> 2.34 | L4: ='기본-투수'!G4 -> 14 | M4: ='기본-투수'!M4 -> 92 | N4: =ROUND(100*'기본-투수'!X4/'기본-투수'!P4,1) -> 21.8 | O4: =ROUND(100*'기본-투수'!U4/'기본-투수'!P4,1) -> 3.5 | P4: ='기본-투수'!AG4 -> 262 | Q4: ='기본-투수'!AH4 -> 42.9 | R4: ='기본-투수'!AI4 -> 41.1 | S4: ='기본-투수'!AJ4 -> 16 | T4: =ROUND(Q4/R4,1) -> 1 | U4: ='기본-투수'!AC4 -> 134.0 | V4: ='기본-투수'!AD4 -> 115.3 | W4: =ROUND((('연도별 상수'!$N$45*('기본-투수'!U4-'기본-투수'!W4))+('연도별 상수'!$O$45*'기본-투수'!V4)+('연도별 상수'!$P$45*('기본-투수'!Q4-'기본-투수'!R4-'기본-투수'!S4-'기본-투수'!T4))+('연도별 상수'!$Q$45*'기본-투수'!R4)+('연도별 상수'!$R$44*'기본-투수'!S4)+('연도별 상수'!$S$45*'기본-투수'!T4))/('기본-투수'!P4-'기본-투수'!W4),3) -> 0.304 | X4: =ROUND(50+15*((50-(ROUND((1-(_xlfn.RANK.EQ(G4,G$2:G$278,1)-1)/(COUNT(G$2:G$278)-1))*100,0)*0.3+ROUND((1-(_xlfn.RANK.EQ(H4,H$2:H$278,1)-1)/(COUNT(H$2:H$278)-1))*100,0)*0.25+ROUND((1-(_xlfn.RANK.EQ(I4,I$2:I$278,1)-1)/(COUNT(I$2:I$278)-1))*100,0)*0.25+ROUND((1-(_xlfn.RANK.EQ(J4,J$2:J$278,1)-1)/(COUNT(J$2:J$278)-1))*100,0)*0.2))/21.13),1) -> 25.6 | Y4: =ROUND(_xlfn.NORM.DIST(X4,50,15,TRUE())*100,1)+1 -> 6.2 | Z4: =IF((50+_xlfn.NORM.S.INV(1-Y4/100)*10)>=50,_xlfn.FLOOR.MATH((50+_xlfn.NORM.S.INV(1-Y4/100)*10),5),_xlfn.CEILING.MATH((50+_xlfn.NORM.S.INV(1-Y4/100)*10),5)) -> 65
A5: ='기본-투수'!A5 -> 3 | B5: ='기본-투수'!B5 -> 류현진 | C5: ='기본-투수'!C5 -> SP | D5: ='기본-투수'!D5 -> HAN | E5: ='기본-투수'!E5 -> 2026 | F5: =ROUND((0.54*G5)+(0.25*H5)+(1.46*W5)+0.21,2) -> 3.28 | G5: =ROUND(('연도별 상수'!$Y$45*(P5*(R5/100)*('리그 투수'!$W$45/100))+'연도별 상수'!$Z$45*('기본-투수'!U5+'기본-투수'!V5)+'연도별 상수'!$AA$45*'기본-투수'!X5)/('기본-투수'!P5/('리그 타자'!$C$45/'리그 투수'!$D$45))+'연도별 상수'!$V$45,2) -> 3.39 | H5: =ROUND('리그 투수'!$V$45-16.986*('기본-투수'!X5/'기본-투수'!P5)+11.434*('기본-투수'!U5/'기본-투수'!P5)-1.858*((P5*Q5/100)/'기본-투수'!P5)+7.653*('기본-투수'!X5/'기본-투수'!P5)^2-6.664*((P5*Q5/100)/'기본-투수'!P5)*('기본-투수'!X5/'기본-투수'!P5)+7.374*((P5*Q5/100)/'기본-투수'!P5)*('기본-투수'!U5/'기본-투수'!P5)-7.706*((P5*Q5/100)/'기본-투수'!P5)*('기본-투수'!X5/'기본-투수'!P5)^2,2) -> 3.33 | I5: =ROUND(('연도별 상수'!$Y$45*'기본-투수'!T5+'연도별 상수'!$Z$45*('기본-투수'!U5+'기본-투수'!V5)+'연도별 상수'!$AA$45*'기본-투수'!X5)/('기본-투수'!P5/('리그 타자'!$C$45/'리그 투수'!$D$45))+'연도별 상수'!$V$45,2) -> 2.96 | J5: =ROUND(W5^2*('리그 투수'!$P$45/('리그 타자'!$B$45^2))/'기본-투수'!AE5,2) -> 2.64 | K5: ='기본-투수'!F5 -> 2.43 | L5: ='기본-투수'!G5 -> 13 | M5: ='기본-투수'!M5 -> 75.666667 | N5: =ROUND(100*'기본-투수'!X5/'기본-투수'!P5,1) -> 19.9 | O5: =ROUND(100*'기본-투수'!U5/'기본-투수'!P5,1) -> 3.3 | P5: ='기본-투수'!AG5 -> 222 | Q5: ='기본-투수'!AH5 -> 47.6 | R5: ='기본-투수'!AI5 -> 35.6 | S5: ='기본-투수'!AJ5 -> 16.7 | T5: =ROUND(Q5/R5,1) -> 1.3 | U5: ='기본-투수'!AC5 -> 148.5 | V5: ='기본-투수'!AD5 -> 140.9 | W5: =ROUND((('연도별 상수'!$N$45*('기본-투수'!U5-'기본-투수'!W5))+('연도별 상수'!$O$45*'기본-투수'!V5)+('연도별 상수'!$P$45*('기본-투수'!Q5-'기본-투수'!R5-'기본-투수'!S5-'기본-투수'!T5))+('연도별 상수'!$Q$45*'기본-투수'!R5)+('연도별 상수'!$R$44*'기본-투수'!S5)+('연도별 상수'!$S$45*'기본-투수'!T5))/('기본-투수'!P5-'기본-투수'!W5),3) -> 0.28 | X5: =ROUND(50+15*((50-(ROUND((1-(_xlfn.RANK.EQ(G5,G$2:G$278,1)-1)/(COUNT(G$2:G$278)-1))*100,0)*0.3+ROUND((1-(_xlfn.RANK.EQ(H5,H$2:H$278,1)-1)/(COUNT(H$2:H$278)-1))*100,0)*0.25+ROUND((1-(_xlfn.RANK.EQ(I5,I$2:I$278,1)-1)/(COUNT(I$2:I$278)-1))*100,0)*0.25+ROUND((1-(_xlfn.RANK.EQ(J5,J$2:J$278,1)-1)/(COUNT(J$2:J$278)-1))*100,0)*0.2))/21.13),1) -> 19.9 | Y5: =ROUND(_xlfn.NORM.DIST(X5,50,15,TRUE())*100,1)+1 -> 3.2 | Z5: =IF((50+_xlfn.NORM.S.INV(1-Y5/100)*10)>=50,_xlfn.FLOOR.MATH((50+_xlfn.NORM.S.INV(1-Y5/100)*10),5),_xlfn.CEILING.MATH((50+_xlfn.NORM.S.INV(1-Y5/100)*10),5)) -> 65
A6: ='기본-투수'!A6 -> 4 | B6: ='기본-투수'!B6 -> 곽빈 | C6: ='기본-투수'!C6 -> SP | D6: ='기본-투수'!D6 -> DOO | E6: ='기본-투수'!E6 -> 2026 | F6: =ROUND((0.54*G6)+(0.25*H6)+(1.46*W6)+0.21,2) -> 3.12 | G6: =ROUND(('연도별 상수'!$Y$45*(P6*(R6/100)*('리그 투수'!$W$45/100))+'연도별 상수'!$Z$45*('기본-투수'!U6+'기본-투수'!V6)+'연도별 상수'!$AA$45*'기본-투수'!X6)/('기본-투수'!P6/('리그 타자'!$C$45/'리그 투수'!$D$45))+'연도별 상수'!$V$45,2) -> 3.2 | H6: =ROUND('리그 투수'!$V$45-16.986*('기본-투수'!X6/'기본-투수'!P6)+11.434*('기본-투수'!U6/'기본-투수'!P6)-1.858*((P6*Q6/100)/'기본-투수'!P6)+7.653*('기본-투수'!X6/'기본-투수'!P6)^2-6.664*((P6*Q6/100)/'기본-투수'!P6)*('기본-투수'!X6/'기본-투수'!P6)+7.374*((P6*Q6/100)/'기본-투수'!P6)*('기본-투수'!U6/'기본-투수'!P6)-7.706*((P6*Q6/100)/'기본-투수'!P6)*('기본-투수'!X6/'기본-투수'!P6)^2,2) -> 2.93 | I6: =ROUND(('연도별 상수'!$Y$45*'기본-투수'!T6+'연도별 상수'!$Z$45*('기본-투수'!U6+'기본-투수'!V6)+'연도별 상수'!$AA$45*'기본-투수'!X6)/('기본-투수'!P6/('리그 타자'!$C$45/'리그 투수'!$D$45))+'연도별 상수'!$V$45,2) -> 2.85 | J6: =ROUND(W6^2*('리그 투수'!$P$45/('리그 타자'!$B$45^2))/'기본-투수'!AE6,2) -> 4.06 | K6: ='기본-투수'!F6 -> 2.11 | L6: ='기본-투수'!G6 -> 14 | M6: ='기본-투수'!M6 -> 78 | N6: =ROUND(100*'기본-투수'!X6/'기본-투수'!P6,1) -> 28.1 | O6: =ROUND(100*'기본-투수'!U6/'기본-투수'!P6,1) -> 7.7 | P6: ='기본-투수'!AG6 -> 208 | Q6: ='기본-투수'!AH6 -> 40.4 | R6: ='기본-투수'!AI6 -> 42.3 | S6: ='기본-투수'!AJ6 -> 17.4 | T6: =ROUND(Q6/R6,1) -> 1 | U6: ='기본-투수'!AC6 -> 126.3 | V6: ='기본-투수'!AD6 -> 129.8 | W6: =ROUND((('연도별 상수'!$N$45*('기본-투수'!U6-'기본-투수'!W6))+('연도별 상수'!$O$45*'기본-투수'!V6)+('연도별 상수'!$P$45*('기본-투수'!Q6-'기본-투수'!R6-'기본-투수'!S6-'기본-투수'!T6))+('연도별 상수'!$Q$45*'기본-투수'!R6)+('연도별 상수'!$R$44*'기본-투수'!S6)+('연도별 상수'!$S$45*'기본-투수'!T6))/('기본-투수'!P6-'기본-투수'!W6),3) -> 0.31 | X6: =ROUND(50+15*((50-(ROUND((1-(_xlfn.RANK.EQ(G6,G$2:G$278,1)-1)/(COUNT(G$2:G$278)-1))*100,0)*0.3+ROUND((1-(_xlfn.RANK.EQ(H6,H$2:H$278,1)-1)/(COUNT(H$2:H$278)-1))*100,0)*0.25+ROUND((1-(_xlfn.RANK.EQ(I6,I$2:I$278,1)-1)/(COUNT(I$2:I$278)-1))*100,0)*0.25+ROUND((1-(_xlfn.RANK.EQ(J6,J$2:J$278,1)-1)/(COUNT(J$2:J$278)-1))*100,0)*0.2))/21.13),1) -> 21.9 | Y6: =ROUND(_xlfn.NORM.DIST(X6,50,15,TRUE())*100,1)+1 -> 4.1 | Z6: =IF((50+_xlfn.NORM.S.INV(1-Y6/100)*10)>=50,_xlfn.FLOOR.MATH((50+_xlfn.NORM.S.INV(1-Y6/100)*10),5),_xlfn.CEILING.MATH((50+_xlfn.NORM.S.INV(1-Y6/100)*10),5)) -> 65
A7: ='기본-투수'!A7 -> 5 | B7: ='기본-투수'!B7 -> 네일 | C7: ='기본-투수'!C7 -> SP | D7: ='기본-투수'!D7 -> KIA | E7: ='기본-투수'!E7 -> 2026 | F7: =ROUND((0.54*G7)+(0.25*H7)+(1.46*W7)+0.21,2) -> 3.69 | G7: =ROUND(('연도별 상수'!$Y$45*(P7*(R7/100)*('리그 투수'!$W$45/100))+'연도별 상수'!$Z$45*('기본-투수'!U7+'기본-투수'!V7)+'연도별 상수'!$AA$45*'기본-투수'!X7)/('기본-투수'!P7/('리그 타자'!$C$45/'리그 투수'!$D$45))+'연도별 상수'!$V$45,2) -> 3.96 | H7: =ROUND('리그 투수'!$V$45-16.986*('기본-투수'!X7/'기본-투수'!P7)+11.434*('기본-투수'!U7/'기본-투수'!P7)-1.858*((P7*Q7/100)/'기본-투수'!P7)+7.653*('기본-투수'!X7/'기본-투수'!P7)^2-6.664*((P7*Q7/100)/'기본-투수'!P7)*('기본-투수'!X7/'기본-투수'!P7)+7.374*((P7*Q7/100)/'기본-투수'!P7)*('기본-투수'!U7/'기본-투수'!P7)-7.706*((P7*Q7/100)/'기본-투수'!P7)*('기본-투수'!X7/'기본-투수'!P7)^2,2) -> 3.69 | I7: =ROUND(('연도별 상수'!$Y$45*'기본-투수'!T7+'연도별 상수'!$Z$45*('기본-투수'!U7+'기본-투수'!V7)+'연도별 상수'!$AA$45*'기본-투수'!X7)/('기본-투수'!P7/('리그 타자'!$C$45/'리그 투수'!$D$45))+'연도별 상수'!$V$45,2) -> 3.54 | J7: =ROUND(W7^2*('리그 투수'!$P$45/('리그 타자'!$B$45^2))/'기본-투수'!AE7,2) -> 3.39 | K7: ='기본-투수'!F7 -> 2.05 | L7: ='기본-투수'!G7 -> 15 | M7: ='기본-투수'!M7 -> 87.333333 | N7: =ROUND(100*'기본-투수'!X7/'기본-투수'!P7,1) -> 18.3 | O7: =ROUND(100*'기본-투수'!U7/'기본-투수'!P7,1) -> 4.7 | P7: ='기본-투수'!AG7 -> 261 | Q7: ='기본-투수'!AH7 -> 53.4 | R7: ='기본-투수'!AI7 -> 32.1 | S7: ='기본-투수'!AJ7 -> 14.6 | T7: =ROUND(Q7/R7,1) -> 1.7 | U7: ='기본-투수'!AC7 -> 122.7 | V7: ='기본-투수'!AD7 -> 116.9 | W7: =ROUND((('연도별 상수'!$N$45*('기본-투수'!U7-'기본-투수'!W7))+('연도별 상수'!$O$45*'기본-투수'!V7)+('연도별 상수'!$P$45*('기본-투수'!Q7-'기본-투수'!R7-'기본-투수'!S7-'기본-투수'!T7))+('연도별 상수'!$Q$45*'기본-투수'!R7)+('연도별 상수'!$R$44*'기본-투수'!S7)+('연도별 상수'!$S$45*'기본-투수'!T7))/('기본-투수'!P7-'기본-투수'!W7),3) -> 0.289 | X7: =ROUND(50+15*((50-(ROUND((1-(_xlfn.RANK.EQ(G7,G$2:G$278,1)-1)/(COUNT(G$2:G$278)-1))*100,0)*0.3+ROUND((1-(_xlfn.RANK.EQ(H7,H$2:H$278,1)-1)/(COUNT(H$2:H$278)-1))*100,0)*0.25+ROUND((1-(_xlfn.RANK.EQ(I7,I$2:I$278,1)-1)/(COUNT(I$2:I$278)-1))*100,0)*0.25+ROUND((1-(_xlfn.RANK.EQ(J7,J$2:J$278,1)-1)/(COUNT(J$2:J$278)-1))*100,0)*0.2))/21.13),1) -> 31.2 | Y7: =ROUND(_xlfn.NORM.DIST(X7,50,15,TRUE())*100,1)+1 -> 11.5 | Z7: =IF((50+_xlfn.NORM.S.INV(1-Y7/100)*10)>=50,_xlfn.FLOOR.MATH((50+_xlfn.NORM.S.INV(1-Y7/100)*10),5),_xlfn.CEILING.MATH((50+_xlfn.NORM.S.INV(1-Y7/100)*10),5)) -> 60
A8: ='기본-투수'!A8 -> 6 | B8: ='기본-투수'!B8 -> 후라도 | C8: ='기본-투수'!C8 -> SP | D8: ='기본-투수'!D8 -> SAM | E8: ='기본-투수'!E8 -> 2026 | F8: =ROUND((0.54*G8)+(0.25*H8)+(1.46*W8)+0.21,2) -> 3.98 | G8: =ROUND(('연도별 상수'!$Y$45*(P8*(R8/100)*('리그 투수'!$W$45/100))+'연도별 상수'!$Z$45*('기본-투수'!U8+'기본-투수'!V8)+'연도별 상수'!$AA$45*'기본-투수'!X8)/('기본-투수'!P8/('리그 타자'!$C$45/'리그 투수'!$D$45))+'연도별 상수'!$V$45,2) -> 4.24 | H8: =ROUND('리그 투수'!$V$45-16.986*('기본-투수'!X8/'기본-투수'!P8)+11.434*('기본-투수'!U8/'기본-투수'!P8)-1.858*((P8*Q8/100)/'기본-투수'!P8)+7.653*('기본-투수'!X8/'기본-투수'!P8)^2-6.664*((P8*Q8/100)/'기본-투수'!P8)*('기본-투수'!X8/'기본-투수'!P8)+7.374*((P8*Q8/100)/'기본-투수'!P8)*('기본-투수'!U8/'기본-투수'!P8)-7.706*((P8*Q8/100)/'기본-투수'!P8)*('기본-투수'!X8/'기본-투수'!P8)^2,2) -> 4.11 | I8: =ROUND(('연도별 상수'!$Y$45*'기본-투수'!T8+'연도별 상수'!$Z$45*('기본-투수'!U8+'기본-투수'!V8)+'연도별 상수'!$AA$45*'기본-투수'!X8)/('기본-투수'!P8/('리그 타자'!$C$45/'리그 투수'!$D$45))+'연도별 상수'!$V$45,2) -> 4.08 | J8: =ROUND(W8^2*('리그 투수'!$P$45/('리그 타자'!$B$45^2))/'기본-투수'!AE8,2) -> 3.44 | K8: ='기본-투수'!F8 -> 2 | L8: ='기본-투수'!G8 -> 14 | M8: ='기본-투수'!M8 -> 88 | N8: =ROUND(100*'기본-투수'!X8/'기본-투수'!P8,1) -> 15.4 | O8: =ROUND(100*'기본-투수'!U8/'기본-투수'!P8,1) -> 4.3 | P8: ='기본-투수'!AG8 -> 283 | Q8: ='기본-투수'!AH8 -> 52.9 | R8: ='기본-투수'!AI8 -> 39.3 | S8: ='기본-투수'!AJ8 -> 7.8 | T8: =ROUND(Q8/R8,1) -> 1.3 | U8: ='기본-투수'!AC8 -> 141.5 | V8: ='기본-투수'!AD8 -> 114.8 | W8: =ROUND((('연도별 상수'!$N$45*('기본-투수'!U8-'기본-투수'!W8))+('연도별 상수'!$O$45*'기본-투수'!V8)+('연도별 상수'!$P$45*('기본-투수'!Q8-'기본-투수'!R8-'기본-투수'!S8-'기본-투수'!T8))+('연도별 상수'!$Q$45*'기본-투수'!R8)+('연도별 상수'!$R$44*'기본-투수'!S8)+('연도별 상수'!$S$45*'기본-투수'!T8))/('기본-투수'!P8-'기본-투수'!W8),3) -> 0.307 | X8: =ROUND(50+15*((50-(ROUND((1-(_xlfn.RANK.EQ(G8,G$2:G$278,1)-1)/(COUNT(G$2:G$278)-1))*100,0)*0.3+ROUND((1-(_xlfn.RANK.EQ(H8,H$2:H$278,1)-1)/(COUNT(H$2:H$278)-1))*100,0)*0.25+ROUND((1-(_xlfn.RANK.EQ(I8,I$2:I$278,1)-1)/(COUNT(I$2:I$278)-1))*100,0)*0.25+ROUND((1-(_xlfn.RANK.EQ(J8,J$2:J$278,1)-1)/(COUNT(J$2:J$278)-1))*100,0)*0.2))/21.13),1) -> 40.8 | Y8: =ROUND(_xlfn.NORM.DIST(X8,50,15,TRUE())*100,1)+1 -> 28 | Z8: =IF((50+_xlfn.NORM.S.INV(1-Y8/100)*10)>=50,_xlfn.FLOOR.MATH((50+_xlfn.NORM.S.INV(1-Y8/100)*10),5),_xlfn.CEILING.MATH((50+_xlfn.NORM.S.INV(1-Y8/100)*10),5)) -> 55
A9: ='기본-투수'!A9 -> 7 | B9: ='기본-투수'!B9 -> 보쉴리 | C9: ='기본-투수'!C9 -> SP | D9: ='기본-투수'!D9 -> KT | E9: ='기본-투수'!E9 -> 2026 | F9: =ROUND((0.54*G9)+(0.25*H9)+(1.46*W9)+0.21,2) -> 3.38 | G9: =ROUND(('연도별 상수'!$Y$45*(P9*(R9/100)*('리그 투수'!$W$45/100))+'연도별 상수'!$Z$45*('기본-투수'!U9+'기본-투수'!V9)+'연도별 상수'!$AA$45*'기본-투수'!X9)/('기본-투수'!P9/('리그 타자'!$C$45/'리그 투수'!$D$45))+'연도별 상수'!$V$45,2) -> 3.46 | H9: =ROUND('리그 투수'!$V$45-16.986*('기본-투수'!X9/'기본-투수'!P9)+11.434*('기본-투수'!U9/'기본-투수'!P9)-1.858*((P9*Q9/100)/'기본-투수'!P9)+7.653*('기본-투수'!X9/'기본-투수'!P9)^2-6.664*((P9*Q9/100)/'기본-투수'!P9)*('기본-투수'!X9/'기본-투수'!P9)+7.374*((P9*Q9/100)/'기본-투수'!P9)*('기본-투수'!U9/'기본-투수'!P9)-7.706*((P9*Q9/100)/'기본-투수'!P9)*('기본-투수'!X9/'기본-투수'!P9)^2,2) -> 3.41 | I9: =ROUND(('연도별 상수'!$Y$45*'기본-투수'!T9+'연도별 상수'!$Z$45*('기본-투수'!U9+'기본-투수'!V9)+'연도별 상수'!$AA$45*'기본-투수'!X9)/('기본-투수'!P9/('리그 타자'!$C$45/'리그 투수'!$D$45))+'연도별 상수'!$V$45,2) -> 3.05 | J9: =ROUND(W9^2*('리그 투수'!$P$45/('리그 타자'!$B$45^2))/'기본-투수'!AE9,2) -> 3.45 | K9: ='기본-투수'!F9 -> 1.89 | L9: ='기본-투수'!G9 -> 11 | M9: ='기본-투수'!M9 -> 62.666667 | N9: =ROUND(100*'기본-투수'!X9/'기본-투수'!P9,1) -> 20.9 | O9: =ROUND(100*'기본-투수'!U9/'기본-투수'!P9,1) -> 5.6 | P9: ='기본-투수'!AG9 -> 191 | Q9: ='기본-투수'!AH9 -> 52 | R9: ='기본-투수'!AI9 -> 32.7 | S9: ='기본-투수'!AJ9 -> 15.3 | T9: =ROUND(Q9/R9,1) -> 1.6 | U9: ='기본-투수'!AC9 -> 136.1 | V9: ='기본-투수'!AD9 -> 135.9 | W9: =ROUND((('연도별 상수'!$N$45*('기본-투수'!U9-'기본-투수'!W9))+('연도별 상수'!$O$45*'기본-투수'!V9)+('연도별 상수'!$P$45*('기본-투수'!Q9-'기본-투수'!R9-'기본-투수'!S9-'기본-투수'!T9))+('연도별 상수'!$Q$45*'기본-투수'!R9)+('연도별 상수'!$R$44*'기본-투수'!S9)+('연도별 상수'!$S$45*'기본-투수'!T9))/('기본-투수'!P9-'기본-투수'!W9),3) -> 0.309 | X9: =ROUND(50+15*((50-(ROUND((1-(_xlfn.RANK.EQ(G9,G$2:G$278,1)-1)/(COUNT(G$2:G$278)-1))*100,0)*0.3+ROUND((1-(_xlfn.RANK.EQ(H9,H$2:H$278,1)-1)/(COUNT(H$2:H$278)-1))*100,0)*0.25+ROUND((1-(_xlfn.RANK.EQ(I9,I$2:I$278,1)-1)/(COUNT(I$2:I$278)-1))*100,0)*0.25+ROUND((1-(_xlfn.RANK.EQ(J9,J$2:J$278,1)-1)/(COUNT(J$2:J$278)-1))*100,0)*0.2))/21.13),1) -> 23.4 | Y9: =ROUND(_xlfn.NORM.DIST(X9,50,15,TRUE())*100,1)+1 -> 4.8 | Z9: =IF((50+_xlfn.NORM.S.INV(1-Y9/100)*10)>=50,_xlfn.FLOOR.MATH((50+_xlfn.NORM.S.INV(1-Y9/100)*10),5),_xlfn.CEILING.MATH((50+_xlfn.NORM.S.INV(1-Y9/100)*10),5)) -> 65
